OEM,Compatible machines,Catagory,Catalogue page,MT Part No.,Description (EN),Main image file,Splindle type,Ratio,RPM,Max. Torque [Nm],Internal coolant,Pressure of internal coolant,External coolant,Internal coolant optional,Wrenches included,Wrenches not included,Reversible main/sub spindle,Number of tools,Diameter,Version (right/left/universal),Turret type,Power intake,Frontal power intake,Size,Tool size,Interaxis,Detail accessory,Published
BIGLIA,"B1200, B1250 16 STAZIONI, B301, B445, B446, B465, B470, B501 Y/S, B510, B545, B550, B565, B650, B658, B745, B750 16 STAZIONI, B765, BV210, BV315,",Driven,BGL010-1-00,21025,RADIAL DRIVEN TOOL,0021025.jpg,ER25,1:01,6000,50,,,Si,,,CHSTER25 | 0100000,,,,,,,,,,,,1
BIGLIA,"B1200, B1250 16 STAZIONI, B301, B445, B446, B465, B470, B501 Y/S, B510, B545, B550, B565, B650, B658, B745, B750 16 STAZIONI, B765, BV210, BV315,",Driven,BGL010-1-00,21132,RADIAL DRIVEN TOOL,0021132.jpg,ER32,1:01,6000,50,,,Si,,,CHSTER32 | 0100000,,,,,,,,,,,,1
BIGLIA,"B1200, B1250 16 STAZIONI, B301, B445, B446, B465, B470, B501 Y/S, B510, B545, B550, B565, B650, B658, B745, B750 16 STAZIONI, B765, BV210, BV315,",Driven,BGL010-1-00,21225,RADIAL DRIVEN TOOL,0021225.jpg,ER25 CORTO,1:01,6000,50,,,Si,,,CHSTER25 | 0100000_1,,,,,,,,,,,,1
BIGLIA,"B1200, B1250 16 STAZIONI, B301, B445, B446, B465, B470, B501 Y/S, B510, B545, B550, B565, B650, B658, B745, B750 16 STAZIONI, B765, BV210, BV315,",Driven,BGL010-1-00,23110,RADIAL DRIVEN TOOL,0023110.jpg,WELDON 10,1:01,6000,50,,,Si,,,,,,,,,,,,,,,1
BIGLIA,"B1200, B1250 16 STAZIONI, B301, B445, B446, B465, B470, B501 Y/S, B510, B545, B550, B565, B650, B658, B745, B750 16 STAZIONI, B765, BV210, BV315,",Driven,BGL010-1-00,21416,RADIAL DRIVEN TOOL,0021416.jpg,WELDON 16,1:01,6000,50,,,Si,,,,,,,,,,,,,,,1
BIGLIA,"B1200, B1250 16 STAZIONI, B301, B445, B446, B465, B470, B501 Y/S, B510, B545, B550, B565, B650, B658, B745, B750 16 STAZIONI, B765, BV210, BV315,",Driven,BGL010-1-00,20720,RADIAL DRIVEN TOOL,0020720.jpg,WELDON 20,1:01,6000,50,,,Si,,,,,,,,,,,,,,,1
BIGLIA,"B1200, B1250 16 STAZIONI, B301, B445, B446, B465, B470, B501 Y/S, B510, B545, B550, B565, B650, B658, B745, B750 16 STAZIONI, B765, BV210, BV315,",Driven,BGL010-1-00,21617,RADIAL DRIVEN TOOL,0021617.jpg,Ø16x17,1:01,6000,50,,,Si,,CH_VTCROCE_M08,100000,,,,,,,,,,,,1
BIGLIA,"B1200, B1250 16 STAZIONI, B301, B445, B446, B465, B470, B501 Y/S, B510, B545, B550, B565, B650, B658, B745, B750 16 STAZIONI, B765, BV210, BV315,",Driven,BGL010-1-00,22750,RADIAL DRIVEN TOOL,0022750.jpg,Ø27x50,1:01,6000,50,,,Si,,CH_VTCROCE_M12,100000,,,,,,,,,,,,1
BIGLIA,"B1200, B1250 16 STAZIONI, B301, B445, B446, B465, B470, B501 Y/S, B510, B545, B550, B565, B650, B658, B745, B750 16 STAZIONI, B765, BV210, BV315,",Driven,BGL010-1-00,22733,RADIAL DRIVEN TOOL,0022733.jpg,Ø27x33,1:01,6000,50,,,Si,,CH_VTCROCE_M12,100000,,,,,,,,,,,,1
BIGLIA,"B1200, B1250 16 STAZIONI, B301, B445, B446, B465, B470, B501 Y/S, B510, B545, B550, B565, B650, B658, B745, B750 16 STAZIONI, B765, BV210, BV315,",Driven,BGL010-1-01,BGL0230125,RADIAL DRIVEN TOOL,bgl0230125.jpg,ER25,1:01,6000,50,,,Si,,OKU0650004,CHSTER25,,,,,,,,,,,,1
BIGLIA,"B1200, B1250 16 STAZIONI, B301, B445, B446, B465, B470, B501 Y/S, B510, B545, B550, B565, B650, B658, B745, B750 16 STAZIONI, B765, BV210, BV315,",Driven,BGL010-1-01,BGL0230132,RADIAL DRIVEN TOOL,bgl0230132.jpg,ER32,1:01,6000,50,,,Si,,OKU0650004,CHSTER32,,,,,,,,,,,,1
BIGLIA,"B1200, B1250 16 STAZIONI, B301, B445, B446, B465, B470, B501 Y/S, B510, B545, B550, B565, B650, B658, B745, B750 16 STAZIONI, B765, BV210, BV315,",Driven,BGL010-1-01,BGL0230225,RADIAL DRIVEN TOOL,bgl0230225.jpg,ER25,1:01,6000,50,Si,P=30 BAR,Si,,OKU0650004,CHSTER25,,,,,,,,,,,,1
BIGLIA,"B1200, B1250 16 STAZIONI, B301, B445, B446, B465, B470, B501 Y/S, B510, B545, B550, B565, B650, B658, B745, B750 16 STAZIONI, B765, BV210, BV315,",Driven,BGL010-1-01,BGL0230232,RADIAL DRIVEN TOOL,bgl0230232.jpg,ER32,1:01,6000,50,Si,P=30 BAR,Si,,OKU0650004,CHSTER32,,,,,,,,,,,,1
BIGLIA,"B1200, B1250 16 STAZIONI, B301, B445, B446, B465, B470, B501 Y/S, B510, B545, B550, B565, B650, B658, B745, B750 16 STAZIONI, B765, BV210, BV315,",Driven,BGL010-1-01,BGL0230516,RADIAL DRIVEN TOOL,bgl0230516.jpg,Ø16x17,1:01,6000,50,,,Si,,CH_VTCROCE_M08 | OKU0650004,,,,,,,,,,,,,1
BIGLIA,"B1200, B1250 16 STAZIONI, B301, B445, B446, B465, B470, B501 Y/S, B510, B545, B550, B565, B650, B658, B745, B750 16 STAZIONI, B765, BV210, BV315,",Driven,BGL010-1-01,BGL0230522,RADIAL DRIVEN TOOL,bgl0230522.jpg,Ø22x19,1:01,6000,50,,,Si,,CH_VTCROCE_M10 | OKU0650004,,,,,,,,,,,,,1
BIGLIA,"B1200, B1250 16 STAZIONI, B301, B445, B446, B465, B470, B501 Y/S, B510, B545, B550, B565, B650, B658, B745, B750 16 STAZIONI, B765, BV210, BV315,",Driven,BGL010-1-01,BGL0230527,RADIAL DRIVEN TOOL,bgl0230527.jpg,Ø27x21,1:01,6000,50,,,Si,,CH_VTCROCE_M12 | OKU0650004,,,,,,,,,,,,,1
BIGLIA,"B1200, B1250 16 STAZIONI, B301, B445, B446, B465, B470, B501 Y/S, B510, B545, B550, B565, B650, B658, B745, B750 16 STAZIONI, B765, BV210, BV315,",MTSK quick change,BGL010-1-01-K,BGL0160140,RADIAL MTSK DRIVEN TOOL,bgl0160140.jpg,MTSK-40,1:01,6000,50,,,Si,,OKU0650004,CHUB46,,,,,,,,,,,,1
BIGLIA,"B1200, B1250 16 STAZIONI, B301, B445, B446, B465, B470, B501 Y/S, B510, B545, B550, B565, B650, B658, B745, B750 16 STAZIONI, B765, BV210, BV315,",MTSK quick change,BGL010-1-01-K,BGL0160240,RADIAL MTSK DRIVEN TOOL,bgl0160240.jpg,MTSK-40,1:01,6000,50,Si,P=30 BAR,Si,,OKU0650004,CHUB46,,,,,,,,,,,,1
BIGLIA,"B1200, B1250 16 STAZIONI, B301, B445, B446, B465, B470, B501 Y/S, B510, B545, B550, B565, B650, B658, B745, B750 16 STAZIONI, B765,",Driven,BGL010-1-20,BGL0290125,RADIAL DRIVEN TOOL WITH INTERNAL COOLANT,bgl0290125.jpg,ER25,1:01,6000,50,Si,P=70 BAR,Si,,OKU0650004,CHUB46,,,,,,,,,,,,1
BIGLIA,"B1200, B1250 16 STAZIONI, B301, B445, B446, B465, B470, B501 Y/S, B510, B545, B550, B565, B650, B658, B745, B750 16 STAZIONI, B765,",Driven,BGL010-1-20,BGL0290132,RADIAL DRIVEN TOOL WITH INTERNAL COOLANT,bgl0290132.jpg,ER32,1:01,6000,50,Si,P=70 BAR,Si,,OKU0650004,CHUB46,,,,,,,,,,,,1
BIGLIA,"B1200, B1250 16 STAZIONI, B301, B445, B446, B465, B470, B501 Y/S, B510, B545, B550, B565, B650, B658, B745, B750 16 STAZIONI, B765, BV210, BV315,",Driven,BGL020-1-00,380525,RADIAL DRIVEN TOOL REINFORCED,0380525.jpg,ER25,1:01,6000,70,,,Si,,,CHSTER25 | CHUB36 o 0100000_2,,,,,,,,,,,,1
BIGLIA,"B1200, B1250 16 STAZIONI, B301, B445, B446, B465, B470, B501 Y/S, B510, B545, B550, B565, B650, B658, B745, B750 16 STAZIONI, B765, BV210, BV315,",Driven,BGL020-1-00,382240,RADIAL DRIVEN TOOL REINFORCED,0382240.jpg,Ø27x21,1:01,6000,70,,,Si,,CH_VTCROCE_M10,CHUB36 o 0100000_2,,,,,,,,,,,,1
BIGLIA,"B1200, B1250 16 STAZIONI, B301, B445, B446, B465, B470, B501 Y/S, B510, B545, B550, B565, B650, B658, B745, B750 16 STAZIONI, B765, BV210, BV315,",Driven,BGL020-1-00,382219,RADIAL DRIVEN TOOL REINFORCED,0382219.jpg,Ø22x19,1:01,6000,70,,,Si,,CH_VTCROCE_M10,CHUB36 o 0100000_2,,,,,,,,,,,,1
BIGLIA,"B1200, B1250 16 STAZIONI, B301, B445, B446, B465, B470, B501 Y/S, B510, B545, B550, B565, B650, B658, B745, B750 16 STAZIONI, B765, BV210, BV315,",Driven,BGL020-1-00,381617,RADIAL DRIVEN TOOL REINFORCED,0381617.jpg,Ø16x17,1:01,6000,70,,,Si,,CH_VTCROCE_M08,CHUB36 o 0100000_2,,,,,,,,,,,,1
BIGLIA,"B1200, B1250 16 STAZIONI, B301, B445, B446, B465, B470, B501 Y/S, B510, B545, B550, B565, B650, B658, B745, B750 16 STAZIONI, B765, BV210, BV315,",Driven,BGL020-1-00,381020,RADIAL DRIVEN TOOL REINFORCED,0381020.jpg,WELDON 20,1:01,6000,70,,,Si,,,,,,,,,,,,,,,1
BIGLIA,"B1200, B1250 16 STAZIONI, B301, B445, B446, B465, B470, B501 Y/S, B510, B545, B550, B565, B650, B658, B745, B750 16 STAZIONI, B765, BV210, BV315,",Driven,BGL020-1-00,381008,RADIAL DRIVEN TOOL REINFORCED,0381008.jpg,WELDON 8,1:01,6000,70,,,Si,,,,,,,,,,,,,,,1
BIGLIA,"B1200, B1250 16 STAZIONI, B301, B445, B446, B465, B470, B501 Y/S, B510, B545, B550, B565, B650, B658, B745, B750 16 STAZIONI, B765, BV210, BV315,",Driven,BGL020-1-00,381440,RADIAL DRIVEN TOOL REINFORCED,0381440.jpg,ER40,1:01,6000,70,Si,P=30 BAR,,,,CHSTER40 | CHUB46,,,,,,,,,,,,1
BIGLIA,"B1200, B1250 16 STAZIONI, B301, B445, B446, B465, B470, B501 Y/S, B510, B545, B550, B565, B650, B658, B745, B750 16 STAZIONI, B765, BV210, BV315,",Driven,BGL020-1-00,381132,RADIAL DRIVEN TOOL REINFORCED,0381132.jpg,ER32,1:01,6000,70,Si,P=30 BAR,,,,CHSTER32 | CHUB36 o 0100000_2,,,,,,,,,,,,1
BIGLIA,"B1200, B1250 16 STAZIONI, B301, B445, B446, B465, B470, B501 Y/S, B510, B545, B550, B565, B650, B658, B745, B750 16 STAZIONI, B765, BV210, BV315,",Driven,BGL020-1-00,380640,RADIAL DRIVEN TOOL REINFORCED,0380640.jpg,ER40,1:01,6000,70,,,Si,,,CHSTER40 | CHUB46,,,,,,,,,,,,1
BIGLIA,"B1200, B1250 16 STAZIONI, B301, B445, B446, B465, B470, B501 Y/S, B510, B545, B550, B565, B650, B658, B745, B750 16 STAZIONI, B765, BV210, BV315,",Driven,BGL020-1-00,380532,RADIAL DRIVEN TOOL REINFORCED,0380532.jpg,ER32,1:01,6000,70,,,Si,,,CHSTER32 | CHUB36 o 0100000_2,,,,,,,,,,,,1
BIGLIA,"B1200, B1250 16 STAZIONI, B301, B445, B446, B465, B470, B501 Y/S, B510, B545, B550, B565, B650, B658, B745, B750 16 STAZIONI, B765, BV210, BV315,",Driven,BGL020-1-00,382721,RADIAL DRIVEN TOOL REINFORCED,0382721.jpg,Ø27x50,1:01,6000,70,,,Si,,CH_VTCROCE_M12,CHUB36 o 0100000_2,,,,,,,,,,,,1
BIGLIA,"B1200, B1250 16 STAZIONI, B301, B445, B446, B465, B470, B501 Y/S, B510, B545, B550, B565, B650, B658, B745, B750 16 STAZIONI, B765,",Driven,BGL030-1-10,490025,RADIAL DRIVEN TOOL Z-OFFSET 36 mm,0490025.jpg,ER25,1:01,6000,50,,,Si,,,CHSTER25 | MNL0210007,Si,,,,,,,,,,,1
BIGLIA,"B1200, B1250 16 STAZIONI, B301, B445, B446, B465, B470, B501 Y/S, B510, B545, B550, B565, B650, B658, B745, B750 16 STAZIONI, B765,",Driven,BGL030-1-10,490032,RADIAL DRIVEN TOOL Z-OFFSET 36 mm,0490032.jpg,ER32,1:01,6000,50,,,Si,,,CHSTER32 | MNL0210007,Si,,,,,,,,,,,1
BIGLIA,"B1200, B1250 16 STAZIONI, B301, B445, B446, B465, B470, B501 Y/S, B510, B545, B550, B565, B650, B658, B745, B750 16 STAZIONI, B765,",Driven,BGL030-1-10,491617,RADIAL DRIVEN TOOL Z-OFFSET 36 mm,0491617.jpg,Ø16x17,1:01,6000,50,,,Si,,CH_VTCROCE_M08,MNL0210007,Si,,,,,,,,,,,1
BIGLIA,"B1200, B1250 16 STAZIONI, B301, B445, B446, B465, B470, B501 Y/S, B510, B545, B550, B565, B650, B658, B745, B750 16 STAZIONI, B765,",Driven,BGL030-1-10,492219,RADIAL DRIVEN TOOL Z-OFFSET 36 mm,0492219.jpg,Ø22x19,1:01,6000,50,,,Si,,CH_VTCROCE_M10,MNL0210007,Si,,,,,,,,,,,1
BIGLIA,"B1200, B1250 16 STAZIONI, B301, B445, B446, B465, B470, B501 Y/S, B510, B545, B550, B565, B650, B658, B745, B750 16 STAZIONI, B765,",Driven,BGL030-1-10,492721,RADIAL DRIVEN TOOL Z-OFFSET 36 mm,0492721.jpg,Ø27x21,1:01,6000,50,,,Si,,CH_VTCROCE_M12,MNL0210007,Si,,,,,,,,,,,1
BIGLIA,"B1200, B1250 16 STAZIONI, B301, B445, B446, B465, B470, B501 Y/S, B510, B545, B550, B565, B650, B658, B745, B750 16 STAZIONI, B765,",Driven,BGL030-1-20,260025,RADIAL DRIVEN TOOL Z-OFFSET 36 mm GEARED-DOWN I=2:1,0260025.jpg,ER25,2:01,3000,65,,,Si,,,CHSTER25 | MNL0210007,Si,,,,,,,,,,,1
BIGLIA,"B1200, B1250 16 STAZIONI, B301, B445, B446, B465, B470, B501 Y/S, B510, B545, B550, B565, B650, B658, B745, B750 16 STAZIONI, B765,",Driven,BGL030-1-20,260032,RADIAL DRIVEN TOOL Z-OFFSET 36 mm GEARED-DOWN I=2:1,0260032.jpg,ER32,2:01,3000,65,,,Si,,,CHSTER32 | MNL0210007,Si,,,,,,,,,,,1
BIGLIA,"B1200, B1250 16 STAZIONI, B301, B445, B446, B465, B470, B501 Y/S, B510, B545, B550, B565, B650, B658, B745, B750 16 STAZIONI, B765,",Driven,BGL030-1-20,261617,RADIAL DRIVEN TOOL Z-OFFSET 36 mm GEARED-DOWN I=2:1,0261617.jpg,Ø16x17,2:01,3000,65,,,Si,,CH_VTCROCE_M08,MNL0210007,Si,,,,,,,,,,,1
BIGLIA,"B1200, B1250 16 STAZIONI, B301, B445, B446, B465, B470, B501 Y/S, B510, B545, B550, B565, B650, B658, B745, B750 16 STAZIONI, B765,",Driven,BGL030-1-20,262219,RADIAL DRIVEN TOOL Z-OFFSET 36 mm GEARED-DOWN I=2:1,0262219.jpg,Ø22x19,2:01,3000,65,,,Si,,CH_VTCROCE_M10,MNL0210007,Si,,,,,,,,,,,1
BIGLIA,"B1200, B1250 16 STAZIONI, B301, B445, B446, B465, B470, B501 Y/S, B510, B545, B550, B565, B650, B658, B745, B750 16 STAZIONI, B765,",Driven,BGL030-1-20,262721,RADIAL DRIVEN TOOL Z-OFFSET 36 mm GEARED-DOWN I=2:1,0262721.jpg,Ø27x21,2:01,3000,65,,,Si,,CH_VTCROCE_M12,MNL0210007,Si,,,,,,,,,,,1
BIGLIA,"B1200, B1250 16 STAZIONI, B301, B445, B446, B465, B470, B501 Y/S, B510, B545, B550, B565, B650, B658, B745, B750 16 STAZIONI, B765,",Driven,BGL030-1-30,130025,RADIAL DRIVEN TOOL Z-OFFSET 45 mm GEARED-UP I=1:2,0130025.jpg,ER25,1:02,12000,30,,,Si,,,CHSTER25 | MNL0210007,,,,,,,,,,,,1
BIGLIA,"B1200, B1250 16 STAZIONI, B301, B445, B446, B465, B470, B501 Y/S, B510, B545, B550, B565, B650, B658, B745, B750 16 STAZIONI, B765,",Driven,BGL030-1-30,130032,RADIAL DRIVEN TOOL Z-OFFSET 45 mm GEARED-UP I=1:2,0130032.jpg,ER32,1:02,12000,30,,,Si,,,CHSTER32 | MNL0210007,,,,,,,,,,,,1
BIGLIA,"B1200, B1250 16 STAZIONI, B301, B445, B446, B465, B470, B501 Y/S, B510, B545, B550, B565, B650, B658, B745, B750 16 STAZIONI, B765,",Driven,BGL030-1-30,131006,RADIAL DRIVEN TOOL Z-OFFSET 45 mm GEARED-UP I=1:2,0131006.jpg,WELDON 6,1:02,12000,30,,,Si,,,,,,,,,,,,,,,1
BIGLIA,"B1200, B1250 16 STAZIONI, B301, B445, B446, B465, B470, B501 Y/S, B510, B545, B550, B565, B650, B658, B745, B750 16 STAZIONI, B765,",Driven,BGL040-1-10,690025,RADIAL DRIVEN TOOL Y-OFFSET 45mm,0690025.jpg,ER25,1:01,6000,50,,,Si,,,CHSTER25 | CHUB36,Si,,,,,,,,,,,1
BIGLIA,"B1200, B1250 16 STAZIONI, B301, B445, B446, B465, B470, B501 Y/S, B510, B545, B550, B565, B650, B658, B745, B750 16 STAZIONI, B765,",Driven,BGL040-1-10,691617,RADIAL DRIVEN TOOL Y-OFFSET 45mm,0691617.jpg,Ø16x17,1:01,6000,50,,,Si,,CH_VTCROCE_M08,CHUB36,Si,,,,,,,,,,,1
BIGLIA,"B1200, B1250 16 STAZIONI, B301, B445, B446, B465, B470, B501 Y/S, B510, B545, B550, B565, B650, B658, B745, B750 16 STAZIONI, B765,",Driven,BGL040-1-10,692219,RADIAL DRIVEN TOOL Y-OFFSET 45mm,0692219.jpg,Ø22x19,1:01,6000,50,,,Si,,CH_VTCROCE_M10,CHUB36,Si,,,,,,,,,,,1
BIGLIA,"B1200, B1250 16 STAZIONI, B301, B445, B446, B465, B470, B501 Y/S, B510, B545, B550, B565, B650, B658, B745, B750 16 STAZIONI, B765,",Driven,BGL040-1-10,692721,RADIAL DRIVEN TOOL Y-OFFSET 45mm,0692721.jpg,Ø27x21,1:01,6000,50,,,Si,,CH_VTCROCE_M12,CHUB36,Si,,,,,,,,,,,1
BIGLIA,"B1200, B301, B445, B446, B465, B470, B501 Y/S, B510, B545, B550, B565, B650, B658, B745, B765, BV210, BV315,",Driven,BGL080-1-00,0150016X2,RADIAL DRIVEN TOOL TWIN HEAD IN Y,0150016x2.jpg,ER16,1:01,6000,30,,,Si,,,CHMNER16 | CHUB17,,,,,,,,,,,,1
BIGLIA,"B1200, B301, B445, B446, B465, B470, B501 Y/S, B510, B545, B550, B565, B650, B658, B745, B765, BV210, BV315,",Driven,BGL080-1-00,0150025X2,RADIAL DRIVEN TOOL TWIN HEAD IN Y,0150025x2.jpg,ER25,1:01,6000,30,,,Si,,,CHSTER25 | CHUB36,,,,,,,,,,,,1
BIGLIA,"B1200, B301, B445, B446, B465, B470, B501 Y/S, B510, B545, B550, B565, B650, B658, B745, B765, BV210, BV315,",Driven,BGL080-1-10,BGL0030216,RADIAL DRIVEN TOOL TWIN HEAD IN Y GEARED-UP I=1:2,bgl0030216.jpg,ER16,1:02,12000,20,,,Si,,,CHMNER16 | CHUB17,Si,,,,,,,,,,,1
BIGLIA,"B1200, B301, B445, B446, B465, B470, B501 Y/S, B510, B545, B550, B565, B650, B658, B745, B765, BV210, BV315,",Driven,BGL080-1-20,BGL0140225,RADIAL DRIVEN TOOL TWIN HEAD IN Y GEARED-UP I=1:2,bgl0140225.jpg,ER25,1:02,12000,20,,,Si,,,CHSTER25 | CHUB36,,,,,,,,,,,,1
BIGLIA,"B1200, B1250 16 STAZIONI, B301, B445, B446, B465, B470, B501 Y/S, B510, B545, B550, B565, B650, B658, B745, B750 16 STAZIONI, B765,",Driven,BGL090-1-00,BGL0020225,RADIAL DRIVEN TOOL TWIN HEAD IN Y GEARED-UP I=1:2,bgl0020225.jpg,ER25,1:02,12000,20,,,Si,,,CHSTER25 | CHUB36,,,,,,,,,,,,1
BIGLIA,"B1200, B1250 16 STAZIONI, B301, B445, B446, B465, B470, B501 Y/S, B510, B545, B550, B565, B650, B658, B745, B750 16 STAZIONI, B765,",Driven,BGL135-1-00,BGL0121025,RADIAL DRIVEN TOOL REDIRECTED 30 mm ADJUSTABLE ANGLE +/-30°,bgl0121025.jpg,ER A 25,1:01,6000,30,,,Si,,,CHUB36 | CHUB27,,,,,,,,,,,,1
BIGLIA,"B1200, B301, B445, B470, B501 Y/S, B510, B650, B658, BV210, BV315,",Driven,BGL150-1-11,BGL0180125,AXIAL DRIVEN TOOL H=70 mm,bgl0180125.jpg,ER25,1:01,6000,50,,,Si,,OKU0650004,CHSTER25,Si,,,,,,,,,,,1
BIGLIA,"B1200, B301, B445, B470, B501 Y/S, B510, B650, B658, BV210, BV315,",Driven,BGL150-1-11,BGL0180325,AXIAL DRIVEN TOOL H=70 mm,2015-04-23_590x885_14-04-08_bgl0180325.jpg,ERA25,1:01,6000,50,,,Si,,OKU0650004 | CHTAER25ZC,CHUB27,Si,,,,,,,,,,,1
BIGLIA,"B1200, B301, B445, B470, B501 Y/S, B510, B650, B658, BV210, BV315,",Driven,BGL150-1-11,BGL0180527,AXIAL DRIVEN TOOL H=70 mm,bgl0180527.jpg,Ø27x21,1:01,6000,50,,,Si,,OKU0650004 | CH_VTCROCE_M12,,Si,,,,,,,,,,,1
BIGLIA,"B1200, B301, B445, B470, B501 Y/S, B510, B650, B658, BV210, BV315,",Driven,BGL150-1-11,BGL0180522,AXIAL DRIVEN TOOL H=70 mm,bgl0180522.jpg,Ø22x19,1:01,6000,50,,,Si,,OKU0650004 | CH_VTCROCE_M10,,Si,,,,,,,,,,,1
BIGLIA,"B1200, B301, B445, B470, B501 Y/S, B510, B650, B658, BV210, BV315,",Driven,BGL150-1-11,BGL0180516,AXIAL DRIVEN TOOL H=70 mm,bgl0180516.jpg,Ø16x17,1:01,6000,50,,,Si,,OKU0650004 | CH_VTCROCE_M08,,Si,,,,,,,,,,,1
BIGLIA,"B1200, B301, B445, B470, B501 Y/S, B510, B650, B658, BV210, BV315,",Driven,BGL150-1-11,BGL0180240,AXIAL DRIVEN TOOL H=70 mm,bgl0180240.jpg,ER40,1:01,6000,50,Si,P=70 BAR,Si,,OKU0650004,CHSTER40,Si,,,,,,,,,,,1
BIGLIA,"B1200, B301, B445, B470, B501 Y/S, B510, B650, B658, BV210, BV315,",Driven,BGL150-1-11,BGL0180232,AXIAL DRIVEN TOOL H=70 mm,bgl0180232.jpg,ER32,1:01,6000,50,Si,P=70 BAR,Si,,OKU0650004,CHSTER32,Si,,,,,,,,,,,1
BIGLIA,"B1200, B301, B445, B470, B501 Y/S, B510, B650, B658, BV210, BV315,",Driven,BGL150-1-11,BGL0180225,AXIAL DRIVEN TOOL H=70 mm,bgl0180225.jpg,ER25,1:01,6000,50,Si,P=70 BAR,Si,,OKU0650004,CHSTER25,Si,,,,,,,,,,,1
BIGLIA,"B1200, B301, B445, B470, B501 Y/S, B510, B650, B658, BV210, BV315,",Driven,BGL150-1-11,BGL0180140,AXIAL DRIVEN TOOL H=70 mm,bgl0180140.jpg,ER40,1:01,6000,50,,,Si,,OKU0650004,CHSTER40,Si,,,,,,,,,,,1
BIGLIA,"B1200, B301, B445, B470, B501 Y/S, B510, B650, B658, BV210, BV315,",Driven,BGL150-1-11,BGL0180132,AXIAL DRIVEN TOOL H=70 mm,bgl0180132.jpg,ER32,1:01,6000,50,,,Si,,OKU0650004,CHSTER32,Si,,,,,,,,,,,1
BIGLIA,"B1200, B301, B445, B470, B501 Y/S, B510, B650, B658, BV210, BV315,",Driven,BGL150-1-11,BGL0180425,AXIAL DRIVEN TOOL H=70 mm,2015-04-23_590x885_14-04-31_bgl0180425.jpg,ERA25,1:01,6000,50,Si,P=70 BAR,Si,,OKU0650004 | CHTAER25ZC,CHUB27,Si,,,,,,,,,,,1
BIGLIA,"B1200, B301, B445, B470, B501 Y/S, B510, B650, B658, BV210, BV315,",MTSK quick change,BGL150-1-11-K,BGL0170140,AXIAL MTSK DRIVEN TOOL H=70 mm,bgl0170140.jpg,MTSK-40,1:01,6000,50,,,Si,,OKU0650004,CHUB46,Si,,,,,,,,,,,1
BIGLIA,"B1200, B301, B445, B470, B501 Y/S, B510, B650, B658, BV210, BV315,",MTSK quick change,BGL150-1-11-K,BGL0170240,AXIAL MTSK DRIVEN TOOL H=70 mm,bgl0170240.jpg,MTSK-40,1:01,6000,50,Si,P=70 BAR,Si,,OKU0650004,CHUB46,Si,,,,,,,,,,,1
BIGLIA,"B1200, B1250 16 STAZIONI, B445, B446, B465, B470, B545, B550, B565, B650, B658, B745, B750 16 STAZIONI, B765,",Driven,BGL150-1-21,BGL0210125,AXIAL DRIVEN TOOL H=100 mm,bgl0210125.jpg,ER25,1:01,6000,50,,,Si,,OKU0650004,CHSTER25,Si,,,,,,,,,,,1
BIGLIA,"B1200, B1250 16 STAZIONI, B445, B446, B465, B470, B545, B550, B565, B650, B658, B745, B750 16 STAZIONI, B765,",Driven,BGL150-1-21,BGL0210325,AXIAL DRIVEN TOOL H=100 mm,2015-04-23_590x885_14-04-42_bgl0210325.jpg,ERA25,1:01,6000,50,,,Si,,OKU0650004 | CHTAER25ZC,CHUB27,Si,,,,,,,,,,,1
BIGLIA,"B1200, B1250 16 STAZIONI, B445, B446, B465, B470, B545, B550, B565, B650, B658, B745, B750 16 STAZIONI, B765,",Driven,BGL150-1-21,BGL0210527,AXIAL DRIVEN TOOL H=100 mm,bgl0210527.jpg,Ø27x21,1:01,6000,50,,,Si,,OKU0650004 | CH_VTCROCE_M12,,Si,,,,,,,,,,,1
BIGLIA,"B1200, B1250 16 STAZIONI, B445, B446, B465, B470, B545, B550, B565, B650, B658, B745, B750 16 STAZIONI, B765,",Driven,BGL150-1-21,BGL0210522,AXIAL DRIVEN TOOL H=100 mm,bgl0210522.jpg,Ø22x19,1:01,6000,50,,,Si,,OKU0650004 | CH_VTCROCE_M10,,Si,,,,,,,,,,,1
BIGLIA,"B1200, B1250 16 STAZIONI, B445, B446, B465, B470, B545, B550, B565, B650, B658, B745, B750 16 STAZIONI, B765,",Driven,BGL150-1-21,BGL0210516,AXIAL DRIVEN TOOL H=100 mm,bgl0210516.jpg,Ø16x17,1:01,6000,50,,,Si,,OKU0650004 | CH_VTCROCE_M08,,Si,,,,,,,,,,,1
BIGLIA,"B1200, B1250 16 STAZIONI, B445, B446, B465, B470, B545, B550, B565, B650, B658, B745, B750 16 STAZIONI, B765,",Driven,BGL150-1-21,BGL0210240,AXIAL DRIVEN TOOL H=100 mm,bgl0210240.jpg,ER40,1:01,6000,50,Si,P=70 BAR,Si,,OKU0650004,CHSTER40,Si,,,,,,,,,,,1
BIGLIA,"B1200, B1250 16 STAZIONI, B445, B446, B465, B470, B545, B550, B565, B650, B658, B745, B750 16 STAZIONI, B765,",Driven,BGL150-1-21,BGL0210232,AXIAL DRIVEN TOOL H=100 mm,bgl0210232.jpg,ER32,1:01,6000,50,Si,P=70 BAR,Si,,OKU0650004,CHSTER32,Si,,,,,,,,,,,1
BIGLIA,"B1200, B1250 16 STAZIONI, B445, B446, B465, B470, B545, B550, B565, B650, B658, B745, B750 16 STAZIONI, B765,",Driven,BGL150-1-21,BGL0210225,AXIAL DRIVEN TOOL H=100 mm,bgl0210225.jpg,ER25,1:01,6000,50,Si,P=70 BAR,Si,,OKU0650004,CHSTER25,Si,,,,,,,,,,,1
BIGLIA,"B1200, B1250 16 STAZIONI, B445, B446, B465, B470, B545, B550, B565, B650, B658, B745, B750 16 STAZIONI, B765,",Driven,BGL150-1-21,BGL0210140,AXIAL DRIVEN TOOL H=100 mm,bgl0210140.jpg,ER40,1:01,6000,50,,,Si,,OKU0650004,CHSTER40,Si,,,,,,,,,,,1
BIGLIA,"B1200, B1250 16 STAZIONI, B445, B446, B465, B470, B545, B550, B565, B650, B658, B745, B750 16 STAZIONI, B765,",Driven,BGL150-1-21,BGL0210132,AXIAL DRIVEN TOOL H=100 mm,bgl0210132.jpg,ER32,1:01,6000,50,,,Si,,OKU0650004,CHSTER32,Si,,,,,,,,,,,1
BIGLIA,"B1200, B1250 16 STAZIONI, B445, B446, B465, B470, B545, B550, B565, B650, B658, B745, B750 16 STAZIONI, B765,",Driven,BGL150-1-21,BGL0210425,AXIAL DRIVEN TOOL H=100 mm,2015-04-23_590x885_14-04-11_bgl0210425.jpg,ERA25,1:01,6000,50,Si,P=70 BAR,Si,,OKU0650004 | CHTAER25ZC,CHUB27,Si,,,,,,,,,,,1
BIGLIA,"B1200, B1250 16 STAZIONI, B445, B446, B465, B470, B545, B550, B565, B650, B658, B745, B750 16 STAZIONI, B765,",MTSK quick change,BGL150-1-21-K,BGL0200140,AXIAL MTSK DRIVEN TOOL H=100 mm,bgl0200140.jpg,MTSK-40,1:01,6000,50,,,Si,,OKU0650004,CHUB46,Si,,,,,,,,,,,1
BIGLIA,"B1200, B1250 16 STAZIONI, B445, B446, B465, B470, B545, B550, B565, B650, B658, B745, B750 16 STAZIONI, B765,",MTSK quick change,BGL150-1-21-K,BGL0200240,AXIAL MTSK DRIVEN TOOL H=100 mm,bgl0200240.jpg,MTSK-40,1:01,6000,50,Si,P=70 BAR,Si,,OKU0650004,CHUB46,Si,,,,,,,,,,,1
BIGLIA,"B1200, B301, B445, B470, B501 Y/S, B510, B650, B658, BV210, BV315,",Driven,BGL170-1-10,391432,AXIAL DRIVEN TOOL H=80 mm REINFORCED,0391432.jpg,ER32,1:01,6000,70,,,Si,,,CHSTER32 | CHUB36,Si,,,,,,,,,,,1
BIGLIA,"B1200, B301, B445, B470, B501 Y/S, B510, B650, B658, BV210, BV315,",Driven,BGL170-1-10,392733,AXIAL DRIVEN TOOL H=80 mm REINFORCED,0392733.jpg,Ø27x33,1:01,6000,70,,,Si,,CH_VTCROCE_M12,CHUB36,Si,,,,,,,,,,,1
BIGLIA,"B1200, B301, B445, B470, B501 Y/S, B510, B650, B658, BV210, BV315,",Driven,BGL170-1-10,392721,AXIAL DRIVEN TOOL H=80 mm REINFORCED,0392721.jpg,Ø27x21,1:01,6000,70,,,Si,,CH_VTCROCE_M12,CHUB36,Si,,,,,,,,,,,1
BIGLIA,"B1200, B301, B445, B470, B501 Y/S, B510, B650, B658, BV210, BV315,",Driven,BGL170-1-10,392240,AXIAL DRIVEN TOOL H=80 mm REINFORCED,0392240.jpg,Ø22x40,1:01,6000,70,,,Si,,CH_VTCROCE_M10,CHUB36,Si,,,,,,,,,,,1
BIGLIA,"B1200, B301, B445, B470, B501 Y/S, B510, B650, B658, BV210, BV315,",Driven,BGL170-1-10,392219,AXIAL DRIVEN TOOL H=80 mm REINFORCED,0392219.jpg,Ø22x19,1:01,6000,70,,,Si,,CH_VTCROCE_M10,CHUB36,Si,,,,,,,,,,,1
BIGLIA,"B1200, B301, B445, B470, B501 Y/S, B510, B650, B658, BV210, BV315,",Driven,BGL170-1-10,391617,AXIAL DRIVEN TOOL H=80 mm REINFORCED,0391617.jpg,Ø16x17,1:01,6000,70,,,Si,,CH_VTCROCE_M08,CHUB36,Si,,,,,,,,,,,1
BIGLIA,"B1200, B301, B445, B470, B501 Y/S, B510, B650, B658, BV210, BV315,",Driven,BGL170-1-10,392540,AXIAL DRIVEN TOOL H=80 mm REINFORCED,0392540.jpg,ER40,1:01,6000,70,Si,P=70 BAR,Si,,,CHSTER40 | CHUB46,Si,,,,,,,,,,,1
BIGLIA,"B1200, B301, B445, B470, B501 Y/S, B510, B650, B658, BV210, BV315,",Driven,BGL170-1-10,392640,AXIAL DRIVEN TOOL H=80 mm REINFORCED,0392640.jpg,ER40,1:01,6000,70,,,Si,,,CHSTER40 | CHUB46,Si,,,,,,,,,,,1
BIGLIA,"B1200, B301, B445, B470, B501 Y/S, B510, B650, B658, BV210, BV315,",Driven,BGL170-1-10,391532,AXIAL DRIVEN TOOL H=80 mm REINFORCED,0391532.jpg,ER A 32,1:01,6000,70,,,Si,,,CHUB50 | CHUB32,Si,,,,,,,,,,,1
BIGLIA,"B1200, B301, B445, B470, B501 Y/S, B510, B650, B658, BV210, BV315,",Driven,BGL170-1-10,391032,AXIAL DRIVEN TOOL H=80 mm REINFORCED,0391032.jpg,ER32,1:01,6000,70,Si,P=70 BAR,Si,,,CHSTER32 | CHUB36,Si,,,,,,,,,,,1
BIGLIA,"B1200, B301, B445, B470, B501 Y/S, B510, B650, B658, BV210, BV315,",Driven,BGL170-1-10,392750,AXIAL DRIVEN TOOL H=80 mm REINFORCED,0392750.jpg,Ø27x50,1:01,6000,70,,,Si,,CH_VTCROCE_M12,CHUB36,Si,,,,,,,,,,,1
BIGLIA,"B1200, B301, B445, B470, B501 Y/S, B510, B650, B658,",Driven,BGL180-1-10,220025,AXIAL REAR-SET DRIVEN TOOL H=78 mm,0220025.jpg,ER25,1:01,6000,50,,,Si,,,CHSTER25 | CHUB36,Si,,,,,,,,,,,1
BIGLIA,"B1200, B301, B445, B470, B501 Y/S, B510, B650, B658,",Driven,BGL180-1-10,220032,AXIAL REAR-SET DRIVEN TOOL H=78 mm,0220032.jpg,ER32,1:01,6000,50,,,Si,,,CHSTER32 | CHUB36,Si,,,,,,,,,,,1
BIGLIA,"B1200, B1250 16 STAZIONI, B445, B446, B465, B470, B545, B550, B565, B650, B658, B745, B750 16 STAZIONI, B765,",Driven,BGL180-1-20,0220025L,AXIAL REAR-SET DRIVEN TOOL H=108 mm,0220025l.jpg,ER25,1:01,6000,50,,,Si,,,CHSTER25 | CHUB36,Si,,,,,,,,,,,1
BIGLIA,"B1200, B1250 16 STAZIONI, B445, B446, B465, B470, B545, B550, B565, B650, B658, B745, B750 16 STAZIONI, B765,",Driven,BGL180-1-20,0220032L,AXIAL REAR-SET DRIVEN TOOL H=108 mm,0220032l.jpg,ER32,1:01,6000,50,,,Si,,,CHSTER32 | CHUB36,Si,,,,,,,,,,,1
BIGLIA,"B1200, B301, B445, B470, B501 Y/S, B510, B650, B658, BV210, BV315,",Driven,BGL190-1-10,110832,AXIAL DRIVEN TOOL H=70 mm GEARED-DOWN I=2:1,0110832.jpg,ER32,2:01,3000,70,,,Si,,,CHSTER32 | CHUB36,Si,,,,,,,,,,,1
BIGLIA,"B1200, B301, B445, B470, B501 Y/S, B510, B650, B658, BV210, BV315,",Driven,BGL190-1-10,111225,AXIAL DRIVEN TOOL H=70 mm GEARED-DOWN I=2:1,0111225.jpg,ER25,2:01,3000,70,Si,P=18 BAR,,,,CHSTER25 | CHUB36,Si,,,,,,,,,,,1
BIGLIA,"B1200, B301, B445, B470, B501 Y/S, B510, B650, B658, BV210, BV315,",Driven,BGL190-1-10,111332,AXIAL DRIVEN TOOL H=70 mm GEARED-DOWN I=2:1,0111332.jpg,ER32,2:01,3000,70,Si,P=18 BAR,,,,CHSTER32 | CHUB36,Si,,,,,,,,,,,1
BIGLIA,"B1200, B301, B445, B470, B501 Y/S, B510, B650, B658, BV210, BV315,",Driven,BGL190-1-10,111617,AXIAL DRIVEN TOOL H=70 mm GEARED-DOWN I=2:1,0111617.jpg,Ø16x17,2:01,3000,70,,,Si,,CH_VTCROCE_M08,CHUB36,Si,,,,,,,,,,,1
BIGLIA,"B1200, B301, B445, B470, B501 Y/S, B510, B650, B658, BV210, BV315,",Driven,BGL190-1-10,112219,AXIAL DRIVEN TOOL H=70 mm GEARED-DOWN I=2:1,0112219.jpg,Ø22x19,2:01,3000,70,,,Si,,CH_VTCROCE_M10,CHUB36,Si,,,,,,,,,,,1
BIGLIA,"B1200, B301, B445, B470, B501 Y/S, B510, B650, B658, BV210, BV315,",Driven,BGL190-1-10,112240,AXIAL DRIVEN TOOL H=70 mm GEARED-DOWN I=2:1,0112240.jpg,Ø22x40,2:01,3000,70,,,Si,,CH_VTCROCE_M10,CHUB36,Si,,,,,,,,,,,1
BIGLIA,"B1200, B301, B445, B470, B501 Y/S, B510, B650, B658, BV210, BV315,",Driven,BGL190-1-10,112721,AXIAL DRIVEN TOOL H=70 mm GEARED-DOWN I=2:1,0112721.jpg,Ø27x21,2:01,3000,70,,,Si,,CH_VTCROCE_M12,CHUB36,Si,,,,,,,,,,,1
BIGLIA,"B1200, B301, B445, B470, B501 Y/S, B510, B650, B658, BV210, BV315,",Driven,BGL190-1-10,112733,AXIAL DRIVEN TOOL H=70 mm GEARED-DOWN I=2:1,0112733.jpg,Ø27x33,2:01,3000,70,,,Si,,CH_VTCROCE_M12,CHUB36,Si,,,,,,,,,,,1
BIGLIA,"B1200, B301, B445, B470, B501 Y/S, B510, B650, B658, BV210, BV315,",Driven,BGL200-1-10,50825,AXIAL DRIVEN TOOL H=70 mm GEARED-UP I=1:2,0050825.jpg,ER25,1:02,12000,30,,,Si,,,CHSTER25 | CHUB36,Si,,,,,,,,,,,1
BIGLIA,"B1200, B301, B445, B470, B501 Y/S, B510, B650, B658, BV210, BV315,",Driven,BGL200-1-10,50625,AXIAL DRIVEN TOOL H=70 mm GEARED-UP I=1:2,0050625.jpg,ER25,1:02,12000,30,Si,P=70 BAR,Si,,,CHSTER25 | CHUB36,Si,,,,,,,,,,,1
BIGLIA,"B1200, B301, B445, B470, B501 Y/S, B510, B650, B658, BV210, BV315,",Driven,BGL200-1-10,52516,AXIAL DRIVEN TOOL H=70 mm GEARED-UP I=1:2,0052516.jpg,ER25+ER16,1:02,12000,30,,,Si,,,CHSTER25+CHMNER16 | CHUB36,Si,,,,,,,,,,,1
BIGLIA,"B1200, B1250 16 STAZIONI, B445, B446, B465, B470, B545, B550, B565, B650, B658, B745, B750 16 STAZIONI, B765,",Driven,BGL200-1-20,0050825L,AXIAL DRIVEN TOOL H=100 mm GEARED-UP I=1:2,0050825l.jpg,ER25,1:02,12000,30,,,Si,,,CHSTER25 | CHUB36,Si,,,,,,,,,,,1
BIGLIA,"B1200, B1250 16 STAZIONI, B445, B446, B465, B470, B545, B550, B565, B650, B658, B745, B750 16 STAZIONI, B765,",Driven,BGL200-1-20,0050625L,AXIAL DRIVEN TOOL H=100 mm GEARED-UP I=1:2,0050625l.jpg,ER25,1:02,12000,30,Si,P=70 BAR,Si,,,CHSTER25 | CHUB36,Si,,,,,,,,,,,1
BIGLIA,"B1200, B1250 16 STAZIONI, B445, B446, B465, B470, B545, B550, B565, B650, B658, B745, B750 16 STAZIONI, B765,",Driven,BGL200-1-20,0052516L,AXIAL DRIVEN TOOL H=100 mm GEARED-UP I=1:2,0052516l.jpg,ER25+ER16,1:02,12000,30,,,Si,,,CHSTER25+CHMNER16 | CHUB36,Si,,,,,,,,,,,1
BIGLIA,"B1200, B301, B445, B470, B501 Y/S, B510, B650, B658, BV210, BV315,",Driven,BGL210-1-10,460016,AXIAL DRIVEN TOOL H=70 mm GEARED-UP I=1:5.625,0460016.jpg,ER16,01:05.6,22500,6,,,Si,,,CHMNER16 | CHUB17,Si,,,,,,,,,,,1
BIGLIA,"B1200, B301, B445, B470, B501 Y/S, B510, B650, B658, BV210, BV315,",Driven,BGL210-1-10,460011,AXIAL DRIVEN TOOL H=70 mm GEARED-UP I=1:5.625,0460011.jpg,ER11,01:05.6,22500,6,Si,P=30 BAR,,,,CHMNER11 | CHUB11,Si,,,,,,,,,,,1
BIGLIA,"B1200, B1250 16 STAZIONI, B445, B446, B465, B470, B545, B550, B565, B650, B658, B745, B750 16 STAZIONI, B765,",Driven,BGL210-1-20,0460016L,AXIAL DRIVEN TOOL H=100 mm GEARED-UP I=1:5.625,0460016l.jpg,ER16,01:05.6,22500,6,,,Si,,,CHMNER16 | CHUB17,Si,,,,,,,,,,,1
BIGLIA,"B1200, B1250 16 STAZIONI, B445, B446, B465, B470, B545, B550, B565, B650, B658, B745, B750 16 STAZIONI, B765,",Driven,BGL210-1-20,0460011L,AXIAL DRIVEN TOOL H=100 mm GEARED-UP I=1:5.625,0460011l.jpg,ER11,01:05.6,22500,6,Si,P=30 BAR,,,,CHMNER11 | CHUB11,Si,,,,,,,,,,,1
BIGLIA,"B1200, B301, B445, B470, B501 Y/S, B510, B650, B658,",Driven,BGL230-1-10,19125,AXIAL DRIVEN TOOL H=70 mm FOR INTERNAL POLYGON CUTTING,0019125.jpg,ER25,1:01,6000,50,,,Si,,,CHSTER25 | CHUB36,Si,,,,,,,,,,,1
BIGLIA,"B1200, B301, B445, B470, B501 Y/S, B510, B650, B658,",Driven,BGL230-1-10,19108,AXIAL DRIVEN TOOL H=70 mm FOR INTERNAL POLYGON CUTTING,0019108.jpg,WELDON 8,1:01,6000,50,,,Si,,,,Si,,,,,,,,,,,1
BIGLIA,"B1200, B301, B445, B470, B501 Y/S, B510, B650, B658,",Driven,BGL230-1-10,19110,AXIAL DRIVEN TOOL H=70 mm FOR INTERNAL POLYGON CUTTING,0019110.jpg,WELDON 10,1:01,6000,50,,,Si,,,,Si,,,,,,,,,,,1
BIGLIA,"B1200, B301, B445, B470, B501 Y/S, B510, B650, B658,",Driven,BGL230-1-10,19112,AXIAL DRIVEN TOOL H=70 mm FOR INTERNAL POLYGON CUTTING,0019112.jpg,WELDON 12,1:01,6000,50,,,Si,,,,Si,,,,,,,,,,,1
BIGLIA,"B1200, B301, B445, B470, B501 Y/S, B510, B650, B658,",Driven,BGL230-1-10,19116,AXIAL DRIVEN TOOL H=70 mm FOR INTERNAL POLYGON CUTTING,0019116.jpg,WELDON 16,1:01,6000,50,,,Si,,,,Si,,,,,,,,,,,1
BIGLIA,"B1200, B1250 16 STAZIONI, B445, B446, B465, B470, B545, B550, B565, B650, B658, B745, B750 16 STAZIONI, B765,",Driven,BGL230-1-20,0019125L,AXIAL DRIVEN TOOL H=100 mm FOR INTERNAL POLYGON CUTTING,0019125l.jpg,ER25,1:01,6000,50,,,Si,,,CHSTER25 | CHUB36,Si,,,,,,,,,,,1
BIGLIA,"B1200, B1250 16 STAZIONI, B445, B446, B465, B470, B545, B550, B565, B650, B658, B745, B750 16 STAZIONI, B765,",Driven,BGL230-1-20,0019108L,AXIAL DRIVEN TOOL H=100 mm FOR INTERNAL POLYGON CUTTING,0019108l.jpg,WELDON 8,1:01,6000,50,,,Si,,,,Si,,,,,,,,,,,1
BIGLIA,"B1200, B1250 16 STAZIONI, B445, B446, B465, B470, B545, B550, B565, B650, B658, B745, B750 16 STAZIONI, B765,",Driven,BGL230-1-20,0019110L,AXIAL DRIVEN TOOL H=100 mm FOR INTERNAL POLYGON CUTTING,0019110l.jpg,WELDON 10,1:01,6000,50,,,Si,,,,Si,,,,,,,,,,,1
BIGLIA,"B1200, B1250 16 STAZIONI, B445, B446, B465, B470, B545, B550, B565, B650, B658, B745, B750 16 STAZIONI, B765,",Driven,BGL230-1-20,0019112L,AXIAL DRIVEN TOOL H=100 mm FOR INTERNAL POLYGON CUTTING,0019112l.jpg,WELDON 12,1:01,6000,50,,,Si,,,,Si,,,,,,,,,,,1
BIGLIA,"B1200, B1250 16 STAZIONI, B445, B446, B465, B470, B545, B550, B565, B650, B658, B745, B750 16 STAZIONI, B765,",Driven,BGL230-1-20,0019116L,AXIAL DRIVEN TOOL H=100 mm FOR INTERNAL POLYGON CUTTING,0019116l.jpg,WELDON 16,1:01,6000,50,,,Si,,,,Si,,,,,,,,,,,1
BIGLIA,"B1200, B301, B445, B470, B501 Y/S, B510, B650, B658,",Driven,BGL240-1-10,417025,AXIAL OPPOSITE FACE TWIN DRIVEN TOOL H=70 mm,0417025.jpg,ER25+ER25,1:01,6000,50,,,Si,,,CHSTER25 | CHUB36+CHUB29,Si,,,,,,,,,,,1
BIGLIA,"B1200, B301, B445, B470, B501 Y/S, B510, B650, B658,",Driven,BGL240-1-10,417032,AXIAL OPPOSITE FACE TWIN DRIVEN TOOL H=70 mm,0417032.jpg,ER32+ER32,1:01,6000,50,,,Si,,,CHSTER32 | CHUB36,Si,,,,,,,,,,,1
BIGLIA,"B1200, B301, B445, B470, B501 Y/S, B510, B650, B658,",Driven,BGL240-1-11,BGL0193225,AXIAL OPPOSITE FACE TWIN DRIVEN TOOL H=70 mm,bgl0193225.jpg,ER32+ER25,1:01,6000,50,,,Si,,OKU0650004,CHSTER32 | CHSTER25,Si,,,,,,,,,,,1
BIGLIA,"B1200, B301, B445, B470, B501 Y/S, B510, B650, B658,",Driven,BGL240-1-11,BGL0192520,AXIAL OPPOSITE FACE TWIN DRIVEN TOOL H=70 mm,2015-10-26_590x855_11-10-53_bgl0192520.jpg,ERA25+ERA20,1:01,6000,50,No,,Si,,OKU0650004 | CHTAER25ZC | CHTAER20ZC,CHUB22 | CHUB27,Si,,,,,,,,,,,1
BIGLIA,"B1200, B1250 16 STAZIONI, B445, B446, B465, B470, B545, B550, B565, B650, B658, B745, B750 16 STAZIONI, B765,",Driven,BGL240-1-20,411025,AXIAL OPPOSITE FACE TWIN DRIVEN TOOL H=100 mm,0411025.jpg,ER25+ER25,1:01,6000,50,,,Si,,,CHSTER25 | CHUB36+CHUB29,Si,,,,,,,,,,,1
BIGLIA,"B1200, B1250 16 STAZIONI, B445, B446, B465, B470, B545, B550, B565, B650, B658, B745, B750 16 STAZIONI, B765,",Driven,BGL240-1-20,411032,AXIAL OPPOSITE FACE TWIN DRIVEN TOOL H=100 mm,0411032.jpg,ER32+ER32,1:01,6000,50,,,Si,,,CHSTER32 | CHUB36,Si,,,,,,,,,,,1
BIGLIA,"B1200, B1250 16 STAZIONI, B445, B446, B465, B470, B545, B550, B565, B650, B658, B745, B750 16 STAZIONI, B765,",Driven,BGL240-1-21,BGL0223225,AXIAL OPPOSITE FACE TWIN DRIVEN TOOL H=100 mm,bgl0223225.jpg,ER32+ER25,1:01,6000,50,,,Si,,OKU0650004,CHSTER32 | CHSTER25,Si,,,,,,,,,,,1
BIGLIA,"B1200, B1250 16 STAZIONI, B445, B446, B465, B470, B545, B550, B565, B650, B658, B745, B750 16 STAZIONI, B765,",Driven,BGL240-1-21,BGL0222520,AXIAL OPPOSITE FACE TWIN DRIVEN TOOL H=100 mm,2015-10-26_590x855_11-10-23_bgl0222520.jpg,ERA25+ERA20,1:01,6000,50,No,,Si,,OKU0650004 | CHTAER25ZC | CHTAER20ZC,CHUB22 | CHUB27,Si,,,,,,,,,,,1
BIGLIA,"B1200, B301, B445, B470, B501 Y/S, B510, B650, B658, BV210, BV315,",Driven,BGL260-1-10,0400016x2,AXIAL DRIVEN TOOL TWIN HEAD IN Y H=70 mm,0400016x2.jpg,ER16,1:01,6000,30,,,Si,,,CHMNER16 | CHUB17,Si,,,,,,,,,,,1
BIGLIA,"B1200, B301, B445, B470, B501 Y/S, B510, B650, B658, BV210, BV315,",Driven,BGL260-1-10,0400025x2,AXIAL DRIVEN TOOL TWIN HEAD IN Y H=70 mm,0400025x2.jpg,ER25,1:01,6000,30,,,Si,,,CHSTER25 | MNL0210007,Si,,,,,,,,,,,1
BIGLIA,"B1200, B445, B446, B465, B470, B545, B550, B565, B650, B658, B745, B765,",Driven,BGL260-1-20,0400016x2L,AXIAL DRIVEN TOOL TWIN HEAD IN Y H=100 mm,0400016x2l.jpg,ER16,1:01,6000,30,,,Si,,,CHMNER16 | CHUB17,Si,,,,,,,,,,,1
BIGLIA,"B1200, B445, B446, B465, B470, B545, B550, B565, B650, B658, B745, B765,",Driven,BGL260-1-20,0400025x2L,AXIAL DRIVEN TOOL TWIN HEAD IN Y H=100 mm,0400025x2l.jpg,ER25,1:01,6000,30,,,Si,,,CHSTER25 | MNL0210007,Si,,,,,,,,,,,1
BIGLIA,"B1200, B301, B445, B470, B501 Y/S, B510, B650, B658, BV210, BV315,",Driven,BGL261-1-10,BGL0280216,AXIAL DRIVEN TOOL TWIN HEAD IN Y H=70 mm GEARED-UP I=1:2,bgl0280216.jpg,ER16,1:02,12000,20,,,Si,,,CHMNER16 | CHUB17,Si,,,,,,,,,,,1
BIGLIA,"B1200, B301, B445, B470, B501 Y/S, B510, B650, B658, BV210, BV315,",Driven,BGL261-1-10,BGL0280225,AXIAL DRIVEN TOOL TWIN HEAD IN Y H=70 mm GEARED-UP I=1:2,bgl0280225.jpg,ER25,1:02,12000,20,,,Si,,,CHSTER25 | CHUB36,Si,,,,,,,,,,,1
BIGLIA,"B1200, B1250 16 STAZIONI, B301, B445, B470, B501 Y/S, B510, B545, B550, B565, B650, B658, B750 16 STAZIONI,",Driven,BGL261-1-20,BGL0281216,AXIAL DRIVEN TOOL TWIN HEAD IN Y H=100 mm GEARED-UP I=1:2,bgl0281216.jpg,ER16,1:02,12000,20,,,Si,,,CHMNER16 | CHUB17,Si,,,,,,,,,,,1
BIGLIA,"B1200, B1250 16 STAZIONI, B301, B445, B470, B501 Y/S, B510, B545, B550, B565, B650, B658, B750 16 STAZIONI,",Driven,BGL261-1-20,BGL0281225,AXIAL DRIVEN TOOL TWIN HEAD IN Y H=100 mm GEARED-UP I=1:2,bgl0281225.jpg,ER25,1:02,12000,20,,,Si,,,CHSTER25 | CHUB36,Si,,,,,,,,,,,1
BIGLIA,"B1200, B301, B445, B446, B465, B470, B501 Y/S, B510, B545, B550, B565, B650, B658, B745, B765, BV210, BV315,",Adjustable angle,BGL330-1-00,200020,ADJUSTABLE ANGLE DRIVEN TOOL 0-90°,0200020.jpg,ER20,1:01,6000,40,,,Si,,CHSTER20 | CHUB36 | CHESL08,,Si,,,,,,,,,,,1
BIGLIA,"B1200, B301, B445, B446, B465, B470, B501 Y/S, B510, B545, B550, B565, B650, B658, B745, B765, BV210, BV315,",Adjustable angle,BGL330-1-00,200025,ADJUSTABLE ANGLE DRIVEN TOOL 0-90°,0200025.jpg,ER25,1:01,6000,40,,,Si,,CHSTER25 | CHUB36 | CHESL08,,Si,,,,,,,,,,,1
BIGLIA,"B1200, B301, B445, B446, B465, B470, B501 Y/S, B510, B545, B550, B565, B650, B658, B745, B765, BV210, BV315,",Adjustable angle,BGL330-1-00,201617,ADJUSTABLE ANGLE DRIVEN TOOL 0-90°,0201617.jpg,Ø16x17,1:01,6000,40,,,Si,,CH_VTCROCE_M08 | CHUB36 | CHESL08,,Si,,,,,,,,,,,1
BIGLIA,"B1200, B301, B445, B446, B465, B470, B501 Y/S, B510, B545, B550, B565, B650, B658, B745, B765, BV210, BV315,",Adjustable angle,BGL330-1-00,202219,ADJUSTABLE ANGLE DRIVEN TOOL 0-90°,0202219.jpg,Ø22x19,1:01,6000,40,,,Si,,CH_VTCROCE_M10 | CHUB36 | CHESL08,,Si,,,,,,,,,,,1
BIGLIA,"B1200, B301, B445, B446, B465, B470, B501 Y/S, B510, B545, B550, B565, B650, B658, B745, B765, BV210, BV315,",Adjustable angle,BGL330-1-00,201905,ADJUSTABLE ANGLE DRIVEN TOOL 0-90°,0201905.jpg,"Ø3/4""x3/4""",1:01,6000,40,,,Si,,CH_VTCROCE_M12 | CHUB36 | CHESL08,,Si,,,,,,,,,,,1
BIGLIA,"B1200, B301, B445, B446, B465, B470, B501 Y/S, B510, B545, B550, B565, B650, B658, B745, B765, BV210, BV315,",Adjustable angle,BGL335-1-00,BGL0150120,ADJUSTABLE ANGLE DRIVEN TOOL +/-90°,bgl0150120.jpg,ER A 20,1:01,6000,30,,,Si,,CHUB22 | CHUB36 | CHESL08 | CHTAER20ZC,,,,,,,,,,,,,1
BIGLIA,"B1200, B301, B445, B446, B465, B470, B501 Y/S, B510, B545, B550, B565, B650, B658, B745, B765, BV210, BV315,",Adjustable angle,BGL335-1-00,BGL0150220,ADJUSTABLE ANGLE DRIVEN TOOL +/-90°,bgl0150220.jpg,ER A 20,1:01,6000,30,Si,P=70 BAR,Si,,CHUB22 | CHUB36 | CHESL07 | CHTAER20ZC,,,,,,,,,,,,,1
BIGLIA,"B1200, B301, B445, B446, B465, B470, B501 Y/S, B510, B545, B550, B565, B650, B658, B745, B765, BV210, BV315,",Adjustable angle,BGL336-1-00,BGL0150316,ADJUSTABLE ANGLE DRIVEN TOOL +/-90° GEARED-UP I=1:2,bgl0150316.jpg,ER A 16,1:02,12000,8,,,Si,,CHUB19_SP3 | CHUB32 | CHESL07 | CHTAER16ZC,,,,,,,,,,,,,1
BIGLIA,"B1200, B301, B445, B446, B465, B470, B501 Y/S, B510, B545, B550, B565, B650, B658, B745, B765, BV210, BV315,",Adjustable angle,BGL336-1-00,BGL0150416,ADJUSTABLE ANGLE DRIVEN TOOL +/-90° GEARED-UP I=1:2,bgl0150416.jpg,ER A 16,1:02,12000,8,Si,P=70 BAR,Si,,CHUB19_SP3 | CHUB32 | CHESL07 | CHTAER16ZC,,,,,,,,,,,,,1
BIGLIA,"B1200, B1250 16 STAZIONI, B301, B445, B446, B465, B470, B501 Y/S, B510, B545, B550, B565, B650, B658, B745, B750 16 STAZIONI, B765,",Gear hobbing,BGL340-1-00,101100,DRIVEN GEAR HOBBER,0101100.jpg,,1:01,6000,60,,,Si,,CHUB24 | CHUB13 | CHESL08,,,,,,,,,,,,,1
BIGLIA,"B1200, B1250 16 STAZIONI, B301, B445, B446, B465, B470, B501 Y/S, B510, B545, B550, B565, B650, B658, B745, B750 16 STAZIONI, B765,",Gear hobbing,BGL340-1-00,102100,DRIVEN GEAR HOBBER,0102100.jpg,10.57.66.00,2:01,3000,80,,,Si,,CHUB24 | CHUB13 | CHESL08,,,,,,,,,,,,,1
BIGLIA,"B1200, B301, B445, B446, B465, B470, B501 Y/S, B510, B545, B550, B565, B650, B658, B745, B765,",Gear hobbing,BGL340-1-30,BGL0011108,RADIAL DRIVEN GEAR HOBBER,bgl0011108.jpg,,1:01,6000,50,,,Si,,CHUB24 | CHUB13 | CHESL08 | CHESL07 | CHESL04,,,,,,,,,,,,,1
BIGLIA,"B1200, B301, B445, B446, B465, B470, B501 Y/S, B510, B545, B550, B565, B650, B658, B745, B765,",Gear hobbing,BGL340-1-30,BGL0011110,RADIAL DRIVEN GEAR HOBBER,bgl0011110.jpg,,1:01,6000,50,,,Si,,CHUB24 | CHUB17 | CHUB13 | CHESL08 | CHESL07 | CHESL05,,,,,,,,,,,,,1
BIGLIA,"B1200, B301, B445, B446, B465, B470, B501 Y/S, B510, B545, B550, B565, B650, B658, B745, B765,",Gear hobbing,BGL340-1-30,BGL0011113,RADIAL DRIVEN GEAR HOBBER,bgl0011113.jpg,,1:01,6000,50,,,Si,,CHUB24 | CHUB19 | CHUB13 | CHESL08 | CHESL07,,,,,,,,,,,,,1
BIGLIA,"B1200, B301, B445, B446, B465, B470, B501 Y/S, B510, B545, B550, B565, B650, B658, B745, B765,",Gear hobbing,BGL340-1-30,BGL0011116,RADIAL DRIVEN GEAR HOBBER,bgl0011116.jpg,,1:01,6000,50,,,Si,,CHUB24 | CHUB13 | CHESL08 | CHESL07,,,,,,,,,,,,,1
BIGLIA,"B1200, B301, B445, B446, B465, B470, B501 Y/S, B510, B545, B550, B565, B650, B658, B745, B765,",Driven,BGL355-1-00,62216,AXIAL ADJUSTABLE ANGLE DRIVEN TOOL +/-180°,0062216.jpg,Ø22+Ø16,1:01,6000,50,,,Si,,CHUB36 | CHUB24+CHUB17 | CHES07,,,,,,,,,,,,,1
BIGLIA,"B1200, B301, B445, B446, B465, B470, B501 Y/S, B510, B545, B550, B565, B650, B658, B745, B765,",Driven,BGL355-1-00,60825,AXIAL ADJUSTABLE ANGLE DRIVEN TOOL +/-180°,0060825.jpg,ER25,1:01,6000,50,,,Si,,CHUB36 | CHSTER25 | CHES07,,,,,,,,,,,,,1
BIGLIA,"B1200, B301, B445, B446, B465, B470, B501 Y/S, B510, B545, B550, B565, B650, B658, B745, B765,",Driven,BGL355-1-00,62516,AXIAL ADJUSTABLE ANGLE DRIVEN TOOL +/-180°,0062516.jpg,ER25+ER16,1:01,6000,50,,,Si,,CHUB36 | CHSTER25+CHMNER16 | CHES07,,,,,,,,,,,,,1
BIGLIA,"B1200, B1250 16 STAZIONI, B301, B445, B446, B465, B470, B501 Y/S, B510, B545, B550, B565, B650, B658, B745, B750 16 STAZIONI, B765,",Adjustable angle,BGL356-1-00,450020,REAR-SET ADJUSTABLE ANGLE DRIVEN TOOL 0-90°,0450020.jpg,ER20,1:01,6000,40,,,Si,,CHSTER20 | MNL0210007,,Si,,,,,,,,,,,1
BIGLIA,"B1200, B1250 16 STAZIONI, B301, B445, B446, B465, B470, B501 Y/S, B510, B545, B550, B565, B650, B658, B745, B750 16 STAZIONI, B765,",Driven,BGL357-1-00,230032,45° FIXED ANGLE DRIVEN TOOL,0230032.jpg,ER32,2:01,3000,70,,,Si,,,CHSTER32 | CHUB13,,,,,,,,,,,,1
BIGLIA,"B1200, B1250 16 STAZIONI, B301, B445, B446, B465, B470, B501 Y/S, B510, B545, B550, B565, B650, B658, B745, B750 16 STAZIONI, B765,",Driven,BGL358-1-00,250020,+/-15° Y-AXIS ADJUSTABLE ANGLE DRIVEN TOOL,0250020.jpg,ER20,1:01,6000,40,,,Si,,CHSTER20 | CHESL08 | CHUB13,,,,,,,,,,,,,1
BIGLIA,"B1200, B1250 16 STAZIONI, B301, B445, B446, B465, B470, B501 Y/S, B510, B545, B550, B565, B650, B658, B745, B750 16 STAZIONI, B765,",Driven,BGL359-1-00,188022,DRIVEN TOOL FOR WORM SCREWS,0188022.jpg,Ø22x12,1:01,6000,50,,,Si,,CHUB38 | CHUB17 | CHESL08 | CHESL07,,Si,,,,,,,,,,,1
BIGLIA,"B1200, B1250 16 STAZIONI, B301, B445, B446, B465, B470, B501 Y/S, B510, B545, B550, B565, B650, B658, B745, B750 16 STAZIONI, B765,",Driven,BGL359-1-00,188125,DRIVEN TOOL FOR WORM SCREWS,0188125.jpg,"Ø1""x12",1:01,6000,50,,,Si,,CHUB38 | CHUB17 | CHESL08 | CHESL07,,Si,,,,,,,,,,,1
BIGLIA,"B1200, B301, B445, B470, B501 Y/S, B510, B545, B550, B565, B650, B658,",Slotting driven tool,BGL360-1-00,BGL0320100,SLOTTING DRIVEN TOOL 50 mm STROKE H=85 mm,bgl0320100.jpg,,4:01,2000,,,,Si,,,,Si,,,,,,,,,,,1
BIGLIA,"B1200, B301, B445, B470, B501 Y/S, B510, B545, B550, B565, B650, B658,",Slotting driven tool,BGL360-1-01,BGL0320200,SLOTTING DRIVEN TOOL 25 mm STROKE H=85 mm,2015-11-12_590x885_17-11-14_bgl0320200.jpg,,4:01,2400,,,,Si,,,,Si,,,,,,,,,,,1
BIGLIA,"B1200, B1250 16 STAZIONI, B445, B446, B465, B470, B545, B550, B565, B650, B658, B745, B750 16 STAZIONI, B765,",Slotting driven tool,BGL360-1-10,BGL0330100,SLOTTING DRIVEN TOOL 50 mm STROKE H=100 mm,bgl0330100.jpg,,4:01,2000,,,,Si,,,,Si,,,,,,,,,,,1
BIGLIA,"B1200, B1250 16 STAZIONI, B445, B446, B465, B470, B545, B550, B565, B650, B658, B745, B750 16 STAZIONI, B765,",Slotting driven tool,BGL360-1-11,BGL0330200,SLOTTING DRIVEN TOOL 25 mm STROKE H=100 mm,2015-11-12_590x885_17-11-57_bgl0330200.jpg,,4:01,2400,,,,Si,,,,Si,,,,,,,,,,,1
BIGLIA,"B445, B446, B465, B470, B745, B765,",Steady rest toolholder,BGL363-1-00,BGL0130300,SLIDING STEADY REST MODULE (SIZE 1),bgl0130300.jpg,,1:01,6000,,,,Si,,,,,,,,,,,,,,,1
BIGLIA,"B445, B446, B465, B470, B745, B765,",Steady rest toolholder,BGL363-1-00,BGL0130300A,SLIDING STEADY REST MODULE (SIZE 1),bgl0130300a.jpg,,1:01,6000,,,,Si,,,,,,,,,,,,,,,1
BIGLIA,"B1200, B1250 16 STAZIONI, B301, B445, B446, B465, B470, B501 Y/S, B510, B545, B550, B565, B650, B658, B745, B750 16 STAZIONI, B765,",Driven,BGL385-1-00,617010,BIGLIA TOOLING ADAPTER CARTRIDGE H=30 mm,0617010.jpg,,,0,,,,,,,,,,,,,,,,,,,1
BIGLIA,"B1200, B1250 16 STAZIONI, B301, B445, B446, B465, B470, B501 Y/S, B510, B545, B550, B565, B650, B658, B745, B750 16 STAZIONI, B765,",Static,BGL420-1-00,532000,RADIAL SINGLE STATIC TOOL,0532000.jpg,,,0,,,,,,,,Si,1,,,,,,,20x20,,,1
BIGLIA,"B1200, B1250 16 STAZIONI, B301, B445, B446, B465, B470, B501 Y/S, B510, B545, B550, B565, B650, B658, B745, B750 16 STAZIONI, B765,",Static,BGL420-1-00,531905,RADIAL SINGLE STATIC TOOL,0531905.jpg,,,0,,,,,,,,Si,1,,,,,,,"3/4""x3/4""",,,1
BIGLIA,"B1200, B1250 16 STAZIONI, B301, B445, B446, B465, B470, B501 Y/S, B510, B545, B550, B565, B650, B658, B745, B750 16 STAZIONI, B765,",Static,BGL423-1-00,555000,RADIAL SINGLE STATIC TOOL,0555000.jpg,,,0,,,,,,,,Si,2-Jan,,,,,,,25x25,,,1
BIGLIA,"B1200, B1250 16 STAZIONI, B301, B445, B446, B465, B470, B501 Y/S, B510, B545, B550, B565, B650, B658, B745, B750 16 STAZIONI, B765,",Static,BGL423-1-00,555080,RADIAL SINGLE STATIC TOOL,0555080.jpg,,,0,,,,,,,,Si,2-Jan,,,,,,,"1""x1""",,,1
BIGLIA,"B1200, B1250 16 STAZIONI, B658, B750 16 STAZIONI,",Static,BGL426-1-00,BGL0053210,RADIAL SINGLE STATIC TOOL,bgl0053210.jpg,,,0,,,,,,,,,2-Jan,,,,,,,32x32,,,1
BIGLIA,"B1200, B1250 16 STAZIONI, B301, B445, B446, B465, B470, B501 Y/S, B510, B545, B550, B565, B650, B658, B745, B750 16 STAZIONI, B765,",Static,BGL430-1-00,662000,RADIAL SINGLE STATIC TOOL REAR-SET,0662000.jpg,,,0,,,,,,,,,2-Jan,,,,,,,20x20,,,1
BIGLIA,"B1200, B1250 16 STAZIONI, B301, B445, B446, B465, B470, B501 Y/S, B510, B545, B550, B565, B650, B658, B745, B750 16 STAZIONI, B765,",Static,BGL430-1-00,661905,RADIAL SINGLE STATIC TOOL REAR-SET,0661905.jpg,,,0,,,,,,,,,2-Jan,,,,,,,"3/4""x3/4""",,,1
BIGLIA,"B1200, B1250 16 STAZIONI, B301, B445, B446, B465, B470, B501 Y/S, B510, B545, B550, B565, B650, B658, B745, B750 16 STAZIONI, B765,",Static,BGL440-1-00,502000,RADIAL SINGLE SIDE TWIN STATIC TOOL,0502000.jpg,,,0,,,,,,,,,2,,,,,,,20x20,,,1
BIGLIA,"B1200, B1250 16 STAZIONI, B301, B445, B446, B465, B470, B501 Y/S, B510, B545, B550, B565, B650, B658, B745, B750 16 STAZIONI, B765,",Static,BGL440-1-00,501905,RADIAL SINGLE SIDE TWIN STATIC TOOL,0501905.jpg,,,0,,,,,,,,,2,,,,,,,"3/4""x3/4""",,,1
BIGLIA,"B1200, B1250 16 STAZIONI, B301, B445, B446, B465, B470, B501 Y/S, B510, B545, B550, B565, B650, B658, B745, B750 16 STAZIONI, B765,",Static,BGL450-1-00,542000,RADIAL DOUBLE STATIC TOOL,0542000.jpg,,,0,,,,,,,,,2,,,,,,,20x20,,,1
BIGLIA,"B1200, B1250 16 STAZIONI, B301, B445, B446, B465, B470, B501 Y/S, B510, B545, B550, B565, B650, B658, B745, B750 16 STAZIONI, B765,",Static,BGL450-1-00,541905,RADIAL DOUBLE STATIC TOOL,0541905.jpg,,,0,,,,,,,,,2,,,,,,,"3/4""x3/4""",,,1
BIGLIA,"B1200, B301, B445, B446, B465, B470, B501 Y/S, B510, B545, B550, B565, B650, B658, B745, B765,",Static,BGL460-1-00,422000,RADIAL DOUBLE SIDE TWIN STATIC TOOL,0422000.jpg,,,0,,,,,,,,,4,,,,,,,20x20,,,1
BIGLIA,"B1200, B301, B445, B446, B465, B470, B501 Y/S, B510, B545, B550, B565, B650, B658, B745, B765,",Static,BGL460-1-00,421905,RADIAL DOUBLE SIDE TWIN STATIC TOOL,0421905.jpg,,,0,,,,,,,,,4,,,,,,,"3/4""x3/4""",,,1
BIGLIA,"B1200, B1250 16 STAZIONI, B301, B445, B446, B465, B470, B501 Y/S, B510, B545, B550, B565, B650, B658, B745, B750 16 STAZIONI, B765,",Static,BGL480-1-00,562000,RADIAL SINGLE STATIC TOOL FOR SUBSPINDLE,0562000.jpg,,,0,,,,,,,,Si,1,,,,,,,20x20,,,1
BIGLIA,"B1200, B1250 16 STAZIONI, B301, B445, B446, B465, B470, B501 Y/S, B510, B545, B550, B565, B650, B658, B745, B750 16 STAZIONI, B765,",Static,BGL480-1-00,561905,RADIAL SINGLE STATIC TOOL FOR SUBSPINDLE,0561905.jpg,,,0,,,,,,,,Si,1,,,,,,,"3/4""x3/4""",,,1
BIGLIA,"B1200, B1250 16 STAZIONI, B301, B445, B446, B465, B470, B501 Y/S, B510, B545, B550, B565, B650, B658, B745, B750 16 STAZIONI, B765,",Static,BGL520-1-01,BGL0350132,RADIAL BLADE HOLDER,bgl0350132.jpg,,,0,,,,Si,,,,Si,1,,,,,,,,,,1
BIGLIA,"B1200, B1250 16 STAZIONI, B301, B445, B446, B465, B470, B501 Y/S, B510, B545, B550, B565, B650, B658, B745, B750 16 STAZIONI, B765,",Static,BGL550-1-00,572000,AXIAL SINGLE STATIC TOOL,0572000.jpg,,,0,,,,,,,,Si,1,,,,,,,20x20,,,1
BIGLIA,"B1200, B1250 16 STAZIONI, B301, B445, B446, B465, B470, B501 Y/S, B510, B545, B550, B565, B650, B658, B745, B750 16 STAZIONI, B765,",Static,BGL550-1-00,571905,AXIAL SINGLE STATIC TOOL,0571905.jpg,,,0,,,,,,,,Si,1,,,,,,,"3/4""x3/4""",,,1
BIGLIA,"B1200, B1250 16 STAZIONI, B658, B750 16 STAZIONI,",Static,BGL554-1-00,BGL0043210,AXIAL SINGLE STATIC TOOL,bgl0043210.jpg,,,0,,,,,,,,,1,,,,,,,32x32,,,1
BIGLIA,"B1200, B1250 16 STAZIONI, B650, B658, B750 16 STAZIONI,",Static,BGL593-1-10,0524000_1,"AXIAL BORING BAR HOLDER Ø40 mm / Ø50 mm /Ø60 mm / Ø1 1/2"" / Ø2"" H=80 mm",0524000_1.jpg,,,0,,,,Si,Si,,,,1,40,,,,,,,80,,1
BIGLIA,"B1200, B1250 16 STAZIONI, B650, B658, B750 16 STAZIONI,",Static,BGL593-1-10,525000,"AXIAL BORING BAR HOLDER Ø40 mm / Ø50 mm /Ø60 mm / Ø1 1/2"" / Ø2"" H=80 mm",0525000.jpg,,,0,,,,Si,Si,,,,1,50,,,,,,,80,,1
BIGLIA,"B1200, B1250 16 STAZIONI, B650, B658, B750 16 STAZIONI,",Static,BGL593-1-10,526000,"AXIAL BORING BAR HOLDER Ø40 mm / Ø50 mm /Ø60 mm / Ø1 1/2"" / Ø2"" H=80 mm",0526000.jpg,,,0,,,,Si,Si,,,,1,60,,,,,,,80,,1
BIGLIA,"B1200, B1250 16 STAZIONI, B650, B658, B750 16 STAZIONI,",Static,BGL593-1-10,525080,"AXIAL BORING BAR HOLDER Ø40 mm / Ø50 mm /Ø60 mm / Ø1 1/2"" / Ø2"" H=80 mm",0525080.jpg,,,0,,,,Si,Si,,,,1,"2""",,,,,,,80,,1
BIGLIA,"B1200, B1250 16 STAZIONI, B650, B658, B750 16 STAZIONI,",Static,BGL593-1-10,0523810_1,"AXIAL BORING BAR HOLDER Ø40 mm / Ø50 mm /Ø60 mm / Ø1 1/2"" / Ø2"" H=80 mm",0523810_1.jpg,,,0,,,,Si,Si,,,,1,"1 1/2""",,,,,,,80,,1
BIGLIA,"B1200, B1250 16 STAZIONI, B301, B445, B446, B465, B470, B501 Y/S, B510, B545, B550, B565, B650, B658, B745, B750 16 STAZIONI, B765,",Static,BGL630-1-10,523200,"AXIAL BORING BAR HOLDER Ø32 mm / Ø40 mm / Ø1 1/2"" / Ø1 1/4"" H=80 mm",0523200.jpg,,,0,,,,Si,Si,,,Si,1,32,,,,,,,80,,1
BIGLIA,"B1200, B1250 16 STAZIONI, B301, B445, B446, B465, B470, B501 Y/S, B510, B545, B550, B565, B650, B658, B745, B750 16 STAZIONI, B765,",Static,BGL630-1-10,524000,"AXIAL BORING BAR HOLDER Ø32 mm / Ø40 mm / Ø1 1/2"" / Ø1 1/4"" H=80 mm",0524000.jpg,,,0,,,,Si,Si,,,Si,1,40,,,,,,,80,,1
BIGLIA,"B1200, B1250 16 STAZIONI, B301, B445, B446, B465, B470, B501 Y/S, B510, B545, B550, B565, B650, B658, B745, B750 16 STAZIONI, B765,",Static,BGL630-1-10,523175,"AXIAL BORING BAR HOLDER Ø32 mm / Ø40 mm / Ø1 1/2"" / Ø1 1/4"" H=80 mm",0523175.jpg,,,0,,,,Si,Si,,,Si,1,"1 1/4""",,,,,,,80,,1
BIGLIA,"B1200, B1250 16 STAZIONI, B301, B445, B446, B465, B470, B501 Y/S, B510, B545, B550, B565, B650, B658, B745, B750 16 STAZIONI, B765,",Static,BGL630-1-10,523810,"AXIAL BORING BAR HOLDER Ø32 mm / Ø40 mm / Ø1 1/2"" / Ø1 1/4"" H=80 mm",0523810.jpg,,,0,,,,Si,Si,,,Si,1,"1 1/2""",,,,,,,80,,1
BIGLIA,"B1200, B1250 16 STAZIONI, B301, B445, B446, B465, B470, B501 Y/S, B510, B545, B550, B565, B650, B658, B745, B750 16 STAZIONI, B765,",Static,BGL630-1-20,0523200L,"AXIAL BORING BAR HOLDER Ø32 mm / Ø40 mm / Ø1 1/2"" / Ø1 1/4"" H=100 mm",0523200l.jpg,,,0,,,,Si,Si,,,Si,1,32,,,,,,,100,,1
BIGLIA,"B1200, B1250 16 STAZIONI, B301, B445, B446, B465, B470, B501 Y/S, B510, B545, B550, B565, B650, B658, B745, B750 16 STAZIONI, B765,",Static,BGL630-1-20,0524000L,"AXIAL BORING BAR HOLDER Ø32 mm / Ø40 mm / Ø1 1/2"" / Ø1 1/4"" H=100 mm",0524000l.jpg,,,0,,,,Si,Si,,,Si,1,40,,,,,,,100,,1
BIGLIA,"B1200, B1250 16 STAZIONI, B301, B445, B446, B465, B470, B501 Y/S, B510, B545, B550, B565, B650, B658, B745, B750 16 STAZIONI, B765,",Static,BGL630-1-20,0523175L,"AXIAL BORING BAR HOLDER Ø32 mm / Ø40 mm / Ø1 1/2"" / Ø1 1/4"" H=100 mm",0523175l.jpg,,,0,,,,Si,Si,,,Si,1,"1 1/4""",,,,,,,100,,1
BIGLIA,"B1200, B1250 16 STAZIONI, B301, B445, B446, B465, B470, B501 Y/S, B510, B545, B550, B565, B650, B658, B745, B750 16 STAZIONI, B765,",Static,BGL630-1-20,0523810L,"AXIAL BORING BAR HOLDER Ø32 mm / Ø40 mm / Ø1 1/2"" / Ø1 1/4"" H=100 mm",0523810l.jpg,,,0,,,,Si,Si,,,Si,1,"1 1/2""",,,,,,,100,,1
BIGLIA,"B1200, B1250 16 STAZIONI, B301, B445, B470, B501 Y/S, B510, B545, B550, B565, B650, B658, B750 16 STAZIONI,",Static,BGL840-1-10,0523200/55,"AXIAL BORING BAR HOLDER REAR-SET Ø32 mm / Ø40 mm / Ø1 1/2"" / Ø1 1/4"" H=80 mm",0523200/55.jpg,,,0,,,,Si,Si,,,Si,1,32,,,,,,,80,,1
BIGLIA,"B1200, B1250 16 STAZIONI, B301, B445, B470, B501 Y/S, B510, B545, B550, B565, B650, B658, B750 16 STAZIONI,",Static,BGL840-1-10,0524000/55,"AXIAL BORING BAR HOLDER REAR-SET Ø32 mm / Ø40 mm / Ø1 1/2"" / Ø1 1/4"" H=80 mm",0524000/55.jpg,,,0,,,,Si,Si,,,Si,1,40,,,,,,,80,,1
BIGLIA,"B1200, B1250 16 STAZIONI, B301, B445, B470, B501 Y/S, B510, B545, B550, B565, B650, B658, B750 16 STAZIONI,",Static,BGL840-1-10,0523175/55,"AXIAL BORING BAR HOLDER REAR-SET Ø32 mm / Ø40 mm / Ø1 1/2"" / Ø1 1/4"" H=80 mm",0523175/55.jpg,,,0,,,,Si,Si,,,Si,1,"1 1/4""",,,,,,,80,,1
BIGLIA,"B1200, B1250 16 STAZIONI, B301, B445, B470, B501 Y/S, B510, B545, B550, B565, B650, B658, B750 16 STAZIONI,",Static,BGL840-1-10,0523810/55,"AXIAL BORING BAR HOLDER REAR-SET Ø32 mm / Ø40 mm / Ø1 1/2"" / Ø1 1/4"" H=80 mm",0523810/55.jpg,,,0,,,,Si,Si,,,Si,1,"1 1/2""",,,,,,,80,,1
BIGLIA,"B1200, B1250 16 STAZIONI, B301, B445, B470, B501 Y/S, B510, B545, B550, B565, B650, B658, B750 16 STAZIONI,",Static,BGL874-1-00,512000,"AXIAL BORING BAR HOLDER 2+2 x Ø25 mm / Ø1""  H=100 mm",0512000.jpg,,,0,,,,Si,,,,Si,2+2,25,,,,,,,100,,1
BIGLIA,"B1200, B1250 16 STAZIONI, B301, B445, B470, B501 Y/S, B510, B545, B550, B565, B650, B658, B750 16 STAZIONI,",Static,BGL874-1-00,511905,"AXIAL BORING BAR HOLDER 2+2 x Ø25 mm / Ø1""  H=100 mm",0511905.jpg,,,0,,,,Si,,,,Si,2+2,"1""",,,,,,,100,,1
BIGLIA,"B1250 16 STAZIONI, B445, B470, B510, B545, B550, B565, B750 16 STAZIONI,",Static,BGL874-1-10,512010,"AXIAL BORING BAR HOLDER 2+2 x Ø25 mm / Ø1""  H=130 mm",0512010.jpg,,,0,,,,Si,,,,Si,2+2,25,,,,,,,130,,1
BIGLIA,"B1250 16 STAZIONI, B445, B470, B510, B545, B550, B565, B750 16 STAZIONI,",Static,BGL874-1-10,511915,"AXIAL BORING BAR HOLDER 2+2 x Ø25 mm / Ø1""  H=130 mm",0511915.jpg,,,0,,,,Si,,,,Si,2+2,"1""",,,,,,,130,,1
BIGLIA,"B1200, B1250 16 STAZIONI, B445, B446, B465, B470, B510, B545, B550, B565, B650, B658, B745, B750 16 STAZIONI, B765,",Static,BGL914-1-00,BGL0312500,"AXIAL BORING BAR HOLDER 3+3 x Ø25 mm  / Ø1""",bgl0312500.jpg,,,0,,,,Si,Si,,,Si,3+3,25,,,,,,,,,1
BIGLIA,"B1200, B1250 16 STAZIONI, B445, B446, B465, B470, B510, B545, B550, B565, B650, B658, B745, B750 16 STAZIONI, B765,",Static,BGL914-1-00,BGL0212540,"AXIAL BORING BAR HOLDER 3+3 x Ø25 mm  / Ø1""",bgl0212540.jpg,,,0,,,,Si,Si,,,Si,3+2,"1""",,,,,,,,,1
BIGLIA,"B1200, B1250 16 STAZIONI, B445, B446, B465, B470, B510, B545, B550, B565, B650, B658, B745, B750 16 STAZIONI, B765,",Static,BGL924-1-00,592000,"AXIAL BORING BAR HOLDER 4+4 x Ø20 mm  / Ø3/4""",0592000.jpg,,,0,,,,Si,,,,,4+4,20,,,,,,,,,1
BIGLIA,"B1200, B1250 16 STAZIONI, B445, B446, B465, B470, B510, B545, B550, B565, B650, B658, B745, B750 16 STAZIONI, B765,",Static,BGL924-1-00,591905,"AXIAL BORING BAR HOLDER 4+4 x Ø20 mm  / Ø3/4""",0591905.jpg,,,0,,,,Si,,,,,4+4,"3/4""",,,,,,,,,1
BIGLIA,"B1200, B1250 16 STAZIONI, B301, B445, B446, B465, B470, B501 Y/S, B510, B545, B550, B565, B650, B658, B745, B750 16 STAZIONI, B765,",Static,BGL933-1-00,442000,"AXIAL BORING BAR HOLDER 8 x Ø20 mm  / Ø3/4""",0442000.jpg,,,0,,,,Si,,,,Si,8,20,,,,,,,94,,1
BIGLIA,"B1200, B1250 16 STAZIONI, B301, B445, B446, B465, B470, B501 Y/S, B510, B545, B550, B565, B650, B658, B745, B750 16 STAZIONI, B765,",Static,BGL933-1-00,441905,"AXIAL BORING BAR HOLDER 8 x Ø20 mm  / Ø3/4""",0441905.jpg,,,0,,,,Si,,,,Si,8,"3/4""",,,,,,,"3.7""",,1
BIGLIA,"B1200, B1250 16 STAZIONI, B301, B445, B446, B465, B470, B501 Y/S, B510, B545, B550, B565, B650, B658, B745, B750 16 STAZIONI, B765,",Static,BGL933-1-00,582000,"AXIAL BORING BAR HOLDER 8 x Ø20 mm  / Ø3/4""",0582000.jpg,,,0,,,,Si,,,,Si,8,20,,,,,,,103,,1
BIGLIA,"B1200, B1250 16 STAZIONI, B301, B445, B446, B465, B470, B501 Y/S, B510, B545, B550, B565, B650, B658, B745, B750 16 STAZIONI, B765,",Static,BGL933-1-00,581905,"AXIAL BORING BAR HOLDER 8 x Ø20 mm  / Ø3/4""",0581905.jpg,,,0,,,,Si,,,,Si,8,"3/4""",,,,,,,"4.05""",,1
BIGLIA,"B1200, B1250 16 STAZIONI, B301, B445, B446, B465, B470, B501 Y/S, B510, B545, B550, B565, B650, B658, B745, B750 16 STAZIONI, B765,",Static,BGL933-1-00,582010,"AXIAL BORING BAR HOLDER 8 x Ø20 mm  / Ø3/4""",0582010.jpg,,,0,,,,Si,,,,Si,8,20,,,,,,,124,,1
BIGLIA,"B1200, B1250 16 STAZIONI, B301, B445, B446, B465, B470, B501 Y/S, B510, B545, B550, B565, B650, B658, B745, B750 16 STAZIONI, B765,",Static,BGL933-1-00,581915,"AXIAL BORING BAR HOLDER 8 x Ø20 mm  / Ø3/4""",0581915.jpg,,,0,,,,Si,,,,Si,8,"3/4""",,,,,,,"4.88""",,1
BIGLIA,"B1200, B1250 16 STAZIONI, B301, B445, B470, B501 Y/S, B510, B545, B550, B565, B650, B658, B750 16 STAZIONI,",Static,BGL950-1-00,800100,TAILSTOCK FOR SUBSPINDLE,0800100.jpg,,,0,,,,,,,,,1,38,,,,,,,,,1
BIGLIA,"B1200, B1250 16 STAZIONI, B301, B445, B470, B501 Y/S, B510, B545, B550, B565, B650, B658, B750 16 STAZIONI,",Static,BGL950-1-00,0800100L,TAILSTOCK FOR SUBSPINDLE,0800100l.jpg,,,0,,,,,,,,,1,"2""",,,,,,,,,1
BIGLIA,"B436,",Driven,BGL010-2-00,BGL1020316,RADIAL DRIVEN TOOL,bgl1020316.jpg,ER16,1:01,6000,25,,,Si,,,CHUB36 | CHMNER16,,,,,,,,,,,,1
BIGLIA,"B436,",Driven,BGL010-2-00,BGL1020416,RADIAL DRIVEN TOOL,bgl1020416.jpg,ER16,1:01,6000,25,Si,P=30 BAR,Si,,,CHUB36 | CHMNER16,,,,,,,,,,,,1
BIGLIA,"B436,",Driven,BGL010-2-00,BGL1020320,RADIAL DRIVEN TOOL,bgl1020320.jpg,ER20,1:01,6000,25,,,Si,,,CHUB36 | CHSTER20,,,,,,,,,,,,1
BIGLIA,"B436,",Driven,BGL010-2-00,BGL1020420,RADIAL DRIVEN TOOL,bgl1020420.jpg,ER20,1:01,6000,25,Si,P=30 BAR,Si,,,CHUB36 | CHSTER20,,,,,,,,,,,,1
BIGLIA,"B436,",Driven,BGL010-2-00,BGL1020325,RADIAL DRIVEN TOOL,bgl1020325.jpg,ER25,1:01,6000,25,,,Si,,,CHUB36 | CHSTER25,,,,,,,,,,,,1
BIGLIA,"B436,",Driven,BGL010-2-00,BGL1020120,RADIAL DRIVEN TOOL,bgl1020120.jpg,ER A 20,1:01,6000,25,,,Si,,,CHUB36 | CHUB22,,,,,,,,,,,,1
BIGLIA,"B436,",Driven,BGL010-2-00,BGL1020220,RADIAL DRIVEN TOOL,bgl1020220.jpg,ER A 20,1:01,6000,25,Si,P=30 BAR,Si,,,CHUB36 | CHUB22,,,,,,,,,,,,1
BIGLIA,"B436,",Driven,BGL010-2-00,BGL1020512,RADIAL DRIVEN TOOL,bgl1020512.jpg,WELDON 12,1:01,6000,25,,,Si,,,,,,,,,,,,,,,1
BIGLIA,"B436,",Driven,BGL010-2-00,BGL1020716,RADIAL DRIVEN TOOL,bgl1020716.jpg,Ø16x17,1:01,6000,25,,,Si,,CH_VTCROCE_M08,CHUB36,,,,,,,,,,,,1
BIGLIA,"B436,",Driven,BGL020-2-00,BGL1190320,RADIAL DRIVEN TOOL REINFORCED,bgl1190320.jpg,ER20,1:01,6000,50,,,Si,,OKU0290009,CHSTER20,,,,,,,,,,,,1
BIGLIA,"B436,",Driven,BGL020-2-00,BGL1190325,RADIAL DRIVEN TOOL REINFORCED,2015-04-23_590x885_15-04-33_bgl1190325.jpg,ER25,1:01,6000,50,,,Si,,OKU0290009,CHSTER25,,,,,,,,,,,,1
BIGLIA,"B436,",Driven,BGL030-2-10,BGL1130316,RADIAL DRIVEN TOOL Z-OFFSET 36 mm,bgl1130316.jpg,ER A 16,1:01,6000,25,,,Si,,CHTAER16ZC,CHUB30 | CHUB19_SP3,Si,,,,,,,,,,,1
BIGLIA,"B436,",Driven,BGL030-2-10,BGL1130416,RADIAL DRIVEN TOOL Z-OFFSET 36 mm,bgl1130416.jpg,ER A 16,1:01,6000,25,Si,P=30 BAR,Si,,CHTAER16ZC,CHUB30 | CHUB19_SP3,Si,,,,,,,,,,,1
BIGLIA,"B436,",Driven,BGL030-2-30,BGL1131316,RADIAL DRIVEN TOOL Z-OFFSET 36 mm GEARED-UP I=1:2,bgl1131316.jpg,ER A 16,1:02,12000,15,,,Si,,CHTAER16ZC,CHUB30 | CHUB19_SP3,Si,,,,,,,,,,,1
BIGLIA,"B436,",Driven,BGL030-2-30,BGL1131416,RADIAL DRIVEN TOOL Z-OFFSET 36 mm GEARED-UP I=1:2,bgl1131416.jpg,ER A 16,1:02,12000,15,Si,P=30 BAR,Si,,CHTAER16ZC,CHUB30 | CHUB19_SP3,Si,,,,,,,,,,,1
BIGLIA,"B436,",Driven,BGL030-2-50,BGL1132316,RADIAL DRIVEN TOOL Z-OFFSET 36 mm GEARED-UP I=1:3,bgl1132316.jpg,ER A 16,1:03,18000,10,,,Si,,CHTAER16ZC,CHUB30 | CHUB19_SP3,Si,,,,,,,,,,,1
BIGLIA,"B436,",Driven,BGL030-2-50,BGL1132416,RADIAL DRIVEN TOOL Z-OFFSET 36 mm GEARED-UP I=1:3,bgl1132416.jpg,ER A 16,1:03,18000,10,Si,P=30 BAR,Si,,CHTAER16ZC,CHUB30 | CHUB19_SP3,Si,,,,,,,,,,,1
BIGLIA,"B436,",Driven,BGL080-2-00,BGL1050216,RADIAL DRIVEN TOOL TWIN HEAD IN Y,bgl1050216.jpg,ER A 16,1:01,6000,20,,,Si,,CHTAER16ZC,CHUB30 | CHUB19_SP3,,,,,,,,,,,,1
BIGLIA,"B436,",Driven,BGL150-2-10,BGL1010120,AXIAL DRIVEN TOOL H=70 mm,bgl1010120.jpg,ER20,1:01,6000,25,,,Si,,,CHUB32 | CHSTER20,Si,,,,,,,,,,,1
BIGLIA,"B436,",Driven,BGL150-2-10,BGL1010220,AXIAL DRIVEN TOOL H=70 mm,bgl1010220.jpg,ER20,1:01,6000,25,Si,P=70 BAR,Si,,,CHUB32 | CHSTER20,Si,,,,,,,,,,,1
BIGLIA,"B436,",Driven,BGL150-2-10,BGL1010516,AXIAL DRIVEN TOOL H=70 mm,bgl1010516.jpg,Ø16x17,1:01,6000,25,,,Si,,CH_VTCROCE_M08,CHUB32,Si,,,,,,,,,,,1
BIGLIA,"B436,",Driven,BGL150-2-20,BGL1170120,AXIAL DRIVEN TOOL H=50 mm,bgl1170120.jpg,ER20,1:01,6000,25,,,Si,,,CHUB32 | CHSTER20,Si,,,,,,,,,,,1
BIGLIA,"B436,",Driven,BGL150-2-20,BGL1170220,AXIAL DRIVEN TOOL H=50 mm,bgl1170220.jpg,ER20,1:01,6000,25,Si,P=70 BAR,Si,,,CHUB32 | CHSTER20,Si,,,,,,,,,,,1
BIGLIA,"B436,",Driven,BGL150-2-20,BGL1170516,AXIAL DRIVEN TOOL H=50 mm,bgl1170516.jpg,Ø16x17,1:01,6000,25,,,Si,,CH_VTCROCE_M08,CHUB32,Si,,,,,,,,,,,1
BIGLIA,"B436,",Driven,BGL150-2-30,BGL1180120,AXIAL DRIVEN TOOL H=40 mm,bgl1180120.jpg,ER20,1:01,6000,25,,,Si,,,CHUB32 | CHSTER20,Si,,,,,,,,,,,1
BIGLIA,"B436,",Driven,BGL180-2-10,BGL1030125,AXIAL DRIVEN TOOL H=70mm REAR-SET,bgl1030125.jpg,ER25,1:01,6000,25,,,Si,,,CHUB32 | CHSTER25,Si,,,,,,,,,,,1
BIGLIA,"B436,",Driven,BGL180-2-10,BGL1030225,AXIAL DRIVEN TOOL H=70mm REAR-SET,bgl1030225.jpg,ER25,1:01,6000,25,Si,P=70bar,Si,,,CHUB32 | CHSTER25,Si,,,,,,,,,,,1
BIGLIA,"B436,",Driven,BGL180-2-10,BGL1030325,AXIAL DRIVEN TOOL H=70mm REAR-SET,bgl1030325.jpg,ER A 25,1:01,6000,25,,,Si,,CHTAER25ZC,CHUB38 | CHUB27,Si,,,,,,,,,,,1
BIGLIA,"B436,",Driven,BGL180-2-10,BGL1030425,AXIAL DRIVEN TOOL H=70mm REAR-SET,bgl1030425.jpg,ER A 25,1:01,6000,25,Si,P=70bar,Si,,CHTAER25ZC,CHUB38 | CHUB27,Si,,,,,,,,,,,1
BIGLIA,"B436,",Driven,BGL180-2-10,BGL1030120,AXIAL REAR-SET DRIVEN TOOL H=70mm,2015-11-05_590x855_11-11-34_bgl1030120.jpg,ER20,1:01,6000,25,,,Si,,,CHSTER20 | CHUB38,Si,,,,,,,,,,,1
BIGLIA,"B436,",Driven,BGL180-2-10,BGL1030320,AXIAL REAR-SET DRIVEN TOOL H=70mm,2015-11-05_590x855_11-11-52_bgl1030320.jpg,ERA20,1:01,6000,25,,,Si,,CHTAER20ZC,CHUB38 | CHUB22,Si,,,,,,,,,,,1
BIGLIA,"B436,",Driven,BGL180-2-10,BGL1030420,AXIAL REAR-SET DRIVEN TOOL H=70mm,2015-11-05_590x855_11-11-52_bgl1030420.jpg,ERA20,1:01,6000,25,Si,P=70bar,Si,,CHTAER20ZC,CHUB38 | CHUB22,Si,,,,,,,,,,,1
BIGLIA,"B436,",Driven,BGL225-2-10,BGL1090120,AXIAL DRIVEN TOOL H=70 mm REAR-SET GEARED-UP I=1:2,bgl1090120.jpg,ER20,1:02,12000,15,,,Si,,,CHUB38 | CHSTER20,Si,,,,,,,,,,,1
BIGLIA,"B436,",Driven,BGL225-2-10,BGO1090125,AXIAL DRIVEN TOOL H=70 mm REAR-SET GEARED-UP I=1:2,bgo1090125.jpg,ER25,1:02,12000,15,,,Si,,,CHUB38 | CHSTER25,Si,,,,,,,,,,,1
BIGLIA,"B436,",Driven,BGL225-2-10,BGL1090225,AXIAL DRIVEN TOOL H=70 mm REAR-SET GEARED-UP I=1:2,bgl1090225.jpg,ER25,1:02,12000,15,Si,P=70 BAR,Si,,,CHUB38 | CHSTER25,Si,,,,,,,,,,,1
BIGLIA,"B436,",Driven,BGL225-2-10,BGL1090320,AXIAL DRIVEN TOOL H=70 mm REAR-SET GEARED-UP I=1:2,bgl1090320.jpg,ER A 20,1:02,12000,15,,,Si,,CHTAER20ZC,CHUB38 | CHUB22,Si,,,,,,,,,,,1
BIGLIA,"B436,",Driven,BGL225-2-10,BGL1090420,AXIAL DRIVEN TOOL H=70 mm REAR-SET GEARED-UP I=1:2,bgl1090420.jpg,ER A 20,1:02,12000,15,Si,P=70 BAR,Si,,CHTAER20ZC,CHUB38 | CHUB22,Si,,,,,,,,,,,1
BIGLIA,"B436,",Driven,BGL225-2-10,BGL1090325,AXIAL DRIVEN TOOL H=70 mm REAR-SET GEARED-UP I=1:2,bgl1090325.jpg,ER A 25,1:02,12000,15,,,Si,,CHTAER25ZC,CHUB38 | CHUB27,Si,,,,,,,,,,,1
BIGLIA,"B436,",Driven,BGL225-2-10,BGL1090425,AXIAL DRIVEN TOOL H=70 mm REAR-SET GEARED-UP I=1:2,bgl1090425.jpg,ER A 25,1:02,12000,15,Si,P=70 BAR,Si,,CHTAER25ZC,CHUB38 | CHUB27,Si,,,,,,,,,,,1
BIGLIA,"B436,",Driven,BGL226-2-10,BGL1120316,AXIAL DRIVEN TOOL H=70 mm REAR-SET GEARED-UP I=1:3,bgl1120316.jpg,ER A 16,1:03,18000,10,,,Si,,CHTAER16ZC,CHUB30 | CHUB19_SP3,Si,,,,,,,,,,,1
BIGLIA,"B436,",Driven,BGL226-2-10,BGL1120416,AXIAL DRIVEN TOOL H=70 mm REAR-SET GEARED-UP I=1:3,bgl1120416.jpg,ER A 16,1:03,18000,10,Si,P=30 BAR,Si,,CHTAER16ZC,CHUB30 | CHUB19_SP3,Si,,,,,,,,,,,1
BIGLIA,"B436,",Driven,BGL260-2-10,BGL1060216,AXIAL DRIVEN TOOL H=70 mm TWIN HEAD IN Y,bgl1060216.jpg,ER A 16,1:01,6000,20,,,Si,,CHTAER16ZC,CHUB30,Si,,,,,,,,,,,1
BIGLIA,"B436,",Adjustable angle,BGL335-2-00,BGL1100120,ADJUSTABLE ANGLE DRIVEN TOOL +/-90° H=48 mm,bgl1100120.jpg,ER A 16,1:01,6000,20,,,Si,,CHUB19_SP3 | CHUB32 | CHESL05 | CHTAER16ZC,,Si,,,,,,,,,,,1
BIGLIA,"B436,",Adjustable angle,BGL335-2-00,BGL1100220,ADJUSTABLE ANGLE DRIVEN TOOL +/-90° H=48 mm,bgl1100220.jpg,ER A 16,1:01,6000,20,Si,P=70 BAR,Si,,CHUB19_SP3 | CHUB32 | CHESL05 | CHTAER16ZC,,Si,,,,,,,,,,,1
BIGLIA,"B436,",Adjustable angle,BGL335-2-10,BGL1101120,ADJUSTABLE ANGLE DRIVEN TOOL +/-90° H=65 mm,bgl1101120.jpg,ER A 16,1:01,6000,20,,,Si,,CHUB19_SP3 | CHUB32 | CHESL05 | CHTAER16ZC,,Si,,,,,,,,,,,1
BIGLIA,"B436,",Adjustable angle,BGL335-2-10,BGL1101220,ADJUSTABLE ANGLE DRIVEN TOOL +/-90° H=65 mm,bgl1101220.jpg,ER A 16,1:01,6000,20,Si,P=70 BAR,Si,,CHUB19_SP3 | CHUB32 | CHESL05 | CHTAER16ZC,,Si,,,,,,,,,,,1
BIGLIA,"B436,",Gear hobbing,BGL340-2-20,BGL1081116,DRIVEN GEAR HOBBER,bgl1081116.jpg,,1:01,6000,30,,,Si,,CHUB19 | CHESL06 | CHESL05,,,,,,,,,,,,,1
BIGLIA,"B436,",Gear hobbing,BGL340-2-20,BGL1081113,DRIVEN GEAR HOBBER,bgl1081113.jpg,,1:01,6000,30,,,Si,,CHUB19 | CHESL06 | CHESL05,,,,,,,,,,,,,1
BIGLIA,"B436,",Gear hobbing,BGL340-2-20,BGL1081110,DRIVEN GEAR HOBBER,bgl1081110.jpg,,1:01,6000,30,,,Si,,CHUB19 | CHESL06 | CHESL05 | CHUB17,,,,,,,,,,,,,1
BIGLIA,"B436,",Gear hobbing,BGL340-2-20,BGL1081108,DRIVEN GEAR HOBBER,bgl1081108.jpg,,1:01,6000,30,,,Si,,CHUB19 | CHESL06 | CHESL05 | CHESL04 | CHUB13,,,,,,,,,,,,,1
BIGLIA,"B436,",Gear hobbing,BGL340-2-20,BGL1082116,DRIVEN GEAR HOBBER,bgl1082116.jpg,,2:01,3000,50,,,Si,,CHUB19 | CHESL06 | CHESL05,,,,,,,,,,,,,1
BIGLIA,"B436,",Gear hobbing,BGL340-2-20,BGL1082113,DRIVEN GEAR HOBBER,bgl1082113.jpg,,2:01,3000,50,,,Si,,CHUB19 | CHESL06 | CHESL05,,,,,,,,,,,,,1
BIGLIA,"B436,",Gear hobbing,BGL340-2-20,BGL1082110,DRIVEN GEAR HOBBER,bgl1082110.jpg,,2:01,3000,50,,,Si,,CHUB19 | CHESL06 | CHESL05 | CHUB17,,,,,,,,,,,,,1
BIGLIA,"B436,",Gear hobbing,BGL340-2-20,BGL1082108,DRIVEN GEAR HOBBER,bgl1082108.jpg,,2:01,3000,50,,,Si,,CHUB19 | CHESL06 | CHESL05 | CHESL04 | CHUB13,,,,,,,,,,,,,1
BIGLIA,"B436,",Static,BGL520-2-00,BGL1040226,RADIAL BLADE HOLDER,bgl1040226.jpg,,,0,,,,Si,,,,Si,1,,,,,,,,,,1
BIGLIA,"B436,",Static,BGL520-2-10,BGL1140126,RADIAL BLADE HOLDER,bgl1140126.jpg,,,0,,,,Si,,,,Si,1,,,,,,,,,,1
BIGLIA,"B1200, B1250 16 STAZIONI, B301, B445, B446, B465, B470, B501 Y/S, B510, B545, B550, B565, B650, B658, B745, B750 16 STAZIONI, B765,",Static,BGL520-1-05,BGL0390132,RADIAL BLADE HOLDER WITH INTERNAL COOLANT,2015-04-23_590x885_14-04-03_bgl0390132.jpg,,,0,,Si,P=70bar,Si,,,,Si,1,,,,,,,,,,1
BIGLIA,"B1200, B301, B445, B470, B501 Y/S, B510, B650, B658,",MTSK quick change,BGL231-1-10-K,BGL0410140,AXIAL MTSK DRIVEN TOOL FOR INTERNAL POLYGON-MAKING H=70mm,2015-04-24_590x885_10-04-31_bgl0410140.jpg,MTSK-40,1:01,6000,50,No,,Si,,OKU0650004,CHUB46,Si,,,,,,,,,,,1
BIGLIA,"B1200, B1250 16 STAZIONI, B445, B446, B465, B470, B545, B550, B565, B650, B658, B745, B750 16 STAZIONI, B765,",MTSK quick change,BGL231-1-20-K,BGL0430140,AXIAL MTSK DRIVEN TOOL FOR INTERNAL POLYGON-MAKING H=100mm,2015-04-24_590x885_10-04-06_bgl0430140.jpg,MTSK-40,1:01,6000,50,,,Si,,OKU0650004,CHUB46,Si,,,,,,,,,,,1
BIGLIA,"B1200, B301, B445, B446, B465, B470, B501 Y/S, B510, B545, B550, B565, B650, B658, B745, B765, BV210, BV315,",Adjustable angle,BGL333-1-01,BGL0440120,+/-90° ADJUSTABLE ANGLE DRIVEN TOOL WITH DIGITAL DISPLAY,2015-04-24_590x885_10-04-18_bgl0440120.jpg,ER20,1:01,6000,40,No,,Si,,CHUB36 | CHSTER20,,Si,,,,,,,,,,,1
BIGLIA,"B1200, B301, B445, B446, B465, B470, B501 Y/S, B510, B545, B550, B565, B650, B658, B745, B765, BV210, BV315,",Adjustable angle,BGL333-1-01,BGL0440125,+/-90° ADJUSTABLE ANGLE DRIVEN TOOL WITH DIGITAL DISPLAY,2015-04-24_590x885_10-04-36_bgl0440125.jpg,ER25,1:01,6000,40,No,,Si,,CHUB36 | CHSTER25,,Si,,,,,,,,,,,1
BIGLIA,"B1200, B301, B445, B446, B465, B470, B501 Y/S, B510, B545, B550, B565, B650, B658, B745, B765, BV210, BV315,",Adjustable angle,BGL333-1-01,BGL0440516,+/-90° ADJUSTABLE ANGLE DRIVEN TOOL WITH DIGITAL DISPLAY,2015-04-24_590x885_10-04-55_bgl0440516.jpg,Ø16x17,1:01,6000,40,No,,Si,,CHUB36 | CH_VTCROCE_M08,,Si,,,,,,,,,,,1
BIGLIA,"B1200, B301, B445, B446, B465, B470, B501 Y/S, B510, B545, B550, B565, B650, B658, B745, B765, BV210, BV315,",Adjustable angle,BGL333-1-01,BGL0440522,+/-90° ADJUSTABLE ANGLE DRIVEN TOOL WITH DIGITAL DISPLAY,2015-04-24_590x885_10-04-14_bgl0440522.jpg,Ø22x19,1:01,6000,40,No,,Si,,CHUB36 | CH_VTCROCE_M10,,Si,,,,,,,,,,,1
BIGLIA,"B1200, B301, B445, B446, B465, B470, B501 Y/S, B510, B545, B550, B565, B650, B658, B745, B765, BV210, BV315,",Adjustable angle,BGL333-1-01,BGL0440519,+/-90° ADJUSTABLE ANGLE DRIVEN TOOL WITH DIGITAL DISPLAY,2015-04-24_590x885_10-04-35_bgl0440519.jpg,"Ø3/4""x3/4""",1:01,6000,40,No,,Si,,CHUB36 | CH_VTCROCE_M08,,Si,,,,,,,,,,,1
BIGLIA,"B1200, B301, B445, B446, B465, B470, B501 Y/S, B510, B545, B550, B565, B650, B658, B745, B765, BV210, BV315,",Adjustable angle,BGL335-1-01,BGL0155120,+/-90° ADJUSTABLE ANGLE DRIVEN TOOL WITH DIGITAL DISPLAY,2015-04-24_590x885_16-04-51_bgl0155120.jpg,ERA20,1:01,6000,30,No,,Si,,CHUB22 | CHUB36 | CHESL07 | CHTAER20ZC,,Si,,,,,,,,,,,1
BIGLIA,"B1200, B301, B445, B446, B465, B470, B501 Y/S, B510, B545, B550, B565, B650, B658, B745, B765, BV210, BV315,",Adjustable angle,BGL335-1-01,BGL0155220,+/-90° ADJUSTABLE ANGLE DRIVEN TOOL WITH DIGITAL DISPLAY,2015-04-24_590x885_16-04-33_bgl0155220.jpg,ERA20,1:01,6000,30,Si,70 bar,Si,,CHUB22 | CHUB36 | CHESL07 | CHTAER20ZC,,Si,,,,,,,,,,,1
BIGLIA,"B1200, B301, B445, B446, B465, B470, B501 Y/S, B510, B545, B550, B565, B650, B658, B745, B765, BV210, BV315,",Adjustable angle,BGL336-1-01,BGL0155316,+/-90° ADJUSTABLE ANGLE DRIVEN TOOL GEARED-UP I=1:2 WITH DIGITAL DISPLAY,2015-04-24_590x885_16-04-26_bgl0155316.jpg,ERA16,1:02,12000,8,No,,Si,,CHUB19_SP3 | CHUB32 | CHESL07 | CHTAER16ZC,,Si,,,,,,,,,,,1
BIGLIA,"B1200, B301, B445, B446, B465, B470, B501 Y/S, B510, B545, B550, B565, B650, B658, B745, B765, BV210, BV315,",Adjustable angle,BGL336-1-01,BGL0155416,+/-90° ADJUSTABLE ANGLE DRIVEN TOOL GEARED-UP I=1:2 WITH DIGITAL DISPLAY,2015-04-24_590x885_16-04-44_bgl0155416.jpg,ERA16,1:02,12000,8,Si,70 bar,Si,,CHUB19_SP3 | CHUB32 | CHESL07 | CHTAER16ZC,,Si,,,,,,,,,,,1
BIGLIA,"B1200, B1250 16 STAZIONI, B301, B445, B470, B501 Y/S, B510, B545, B565, B650, B658, B750 16 STAZIONI,",MTSK quick change,BGL350-1-00-K,BGL0380100,AXIAL MTSK DRIVEN TOOL FOR POWER SKIVING H=85mm,2015-04-24_590x885_10-04-20_bgl0380100.jpg,MTSK-40,1:01,6000,50,No,,Si,,n°2 CHUB46,,Si,,,,,,,,,,,1
BIGLIA,"B436,",MTSK quick change,BGL010-2-00-K,BGL1230132,RADIAL MTSK DRIVEN TOOL,2015-04-24_590x885_10-04-19_bgl1230132.jpg,MTSK-32,1:01,6000,25,No,,Si,,OKU0290009,CHUB36,,,,,,,,,,,,1
BIGLIA,"B436,",MTSK quick change,BGL010-2-00-K,BGL1230232,RADIAL MTSK DRIVEN TOOL,2015-04-24_590x885_10-04-36_bgl1230232.jpg,MTSK-32,1:01,6000,25,Si,30 bar,Si,,OKU0290009,CHUB36,,,,,,,,,,,,1
BIGLIA,"B436,",MTSK quick change,BGL180-2-10-K,BGL1240132,AXIAL MTSK REAR-SET DRIVEN TOOL,2015-04-24_590x885_10-04-11_bgl1240132.jpg,MTSK-32,1:01,6000,25,No,,Si,,,CHUB36 | CHUB38,Si,,,,,,,,,,,1
BIGLIA,"B436,",MTSK quick change,BGL180-2-10-K,BGL1240232,AXIAL MTSK REAR-SET DRIVEN TOOL,2015-04-24_590x885_10-04-29_bgl1240232.jpg,MTSK-32,1:01,6000,25,Si,70 bar,Si,,,CHUB36 | CHUB38,Si,,,,,,,,,,,1
BIGLIA,"B436,",Slotting driven tool,BGL360-2-02,BGL1270200,SLOTTING DRIVEN TOOL 25mm STROKE H=70mm,2015-04-24_590x885_16-04-42_bgl1270200.jpg,,4:01,2400,,,,Si,,,,Si,,,,,,,,,,,1
BIGLIA,"B1200, B1250 16 STAZIONI, B301, B445, B446, B465, B470, B501 Y/S, B510, B545, B550, B565, B650, B658, B745, B750 16 STAZIONI, B765, BV210, BV315,",Driven,BGL060-1-00,0170016_1,"RADIAL GEARED-UP I=1:5,625 DRIVEN TOOL",,ER16,"1:5,625",22500,6,,,Si,,CHMNER16 | CHUB17,,,,,,,,,,,,,1
BIGLIA,"B1200, B1250 16 STAZIONI, B301, B445, B446, B465, B470, B501 Y/S, B510, B545, B550, B565, B650, B658, B745, B750 16 STAZIONI, B765, BV210, BV315,",Driven,BGL060-1-00,170011,"RADIAL GEARED-UP I=1:5,625 DRIVEN TOOL",,ER11,"1:5,625",22500,6,Si,30 bar,Si,,CHMNER11 | CHUB11,,,,,,,,,,,,,1
BIGLIA,"B1200, B1250 16 STAZIONI, B445, B446, B465, B470, B545, B550, B565, B650, B658, B745, B750 16 STAZIONI, B765,",Driven,BGL170-1-20,0391432L,AXIAL REINFORCED DRIVEN TOOL H=100mm,,ER32,1:01,6000,70,,,Si,,,CHSTER32 | CHUB36,Si,,,,,,,,,,,1
BIGLIA,"B1200, B1250 16 STAZIONI, B445, B446, B465, B470, B545, B550, B565, B650, B658, B745, B750 16 STAZIONI, B765,",Driven,BGL170-1-20,0391032L,AXIAL REINFORCED DRIVEN TOOL H=100mm,,ER32,1:01,6000,70,Si,70 bar,Si,,,CHSTER32 | CHUB36,Si,,,,,,,,,,,1
BIGLIA,"B1200, B1250 16 STAZIONI, B445, B446, B465, B470, B545, B550, B565, B650, B658, B745, B750 16 STAZIONI, B765,",Driven,BGL170-1-20,0391532L,AXIAL REINFORCED DRIVEN TOOL H=100mm,,ERA32,1:01,6000,70,,,Si,,,CHUB50 | CHUB32,Si,,,,,,,,,,,1
BIGLIA,"B1200, B1250 16 STAZIONI, B445, B446, B465, B470, B545, B550, B565, B650, B658, B745, B750 16 STAZIONI, B765,",Driven,BGL170-1-20,0392640L,AXIAL REINFORCED DRIVEN TOOL H=100mm,,ER40,1:01,6000,70,,,Si,,,CHSTER40 | CHUB46,Si,,,,,,,,,,,1
BIGLIA,"B1200, B1250 16 STAZIONI, B445, B446, B465, B470, B545, B550, B565, B650, B658, B745, B750 16 STAZIONI, B765,",Driven,BGL170-1-20,0392540L,AXIAL REINFORCED DRIVEN TOOL H=100mm,,ER40,1:01,6000,70,Si,70 bar,Si,,,CHSTER40 | CHUB46,Si,,,,,,,,,,,1
BIGLIA,"B1200, B301, B445, B470, B501 Y/S, B510, B650, B658,",Driven,BGL233-1-10,BGL0450616,MODULO MOTORIZZATO ASSIALE 2 USCITE IN Y PER POLIGONATURA INTERNA H=70mm,2015-10-26_590x855_08-10-05_bgl0450616.jpg,WELDON 16,1:01,6000,30,No,,Si,,SAU0070027,,Si,,,,,,,,,,,1
BIGLIA,"B1250 16 STAZIONI, B445, B446, B465, B470, B545, B550, B565, B745, B750 16 STAZIONI, B765,",Driven,BGL233-1-20,BGL0470616,MODULO MOTORIZZATO ASSIALE 2 USCITE IN Y PER POLIGONATURA INTERNA H=100mm,2015-10-26_590x855_08-10-12_bgl0470616.jpg,WELDON 16,1:01,6000,30,No,,Si,,SAU0070027,,Si,,,,,,,,,,,1
BIGLIA,"B1200, B301, B445, B446, B465, B470, B501 Y/S, B510, B545, B550, B565, B650, B658, B745, B765, BV210, BV315,",Adjustable angle,BGL333-1-00,BGL0460120,+/-90° ADJUSTABLE ANGLE DRIVEN TOOL,2015-10-26_590x855_10-10-44_bgl0460120.jpg,ER20,1:01,6000,40,No,,Si,,CHSTER20 | CHUB36 | CHESL08,,Si,,,,,,,,,,,1
BIGLIA,"B1200, B301, B445, B446, B465, B470, B501 Y/S, B510, B545, B550, B565, B650, B658, B745, B765, BV210, BV315,",Adjustable angle,BGL333-1-00,BGL0460125,+/-90° ADJUSTABLE ANGLE DRIVEN TOOL,2015-10-26_590x855_10-10-47_bgl0460125.jpg,ER25,1:01,6000,40,No,,Si,,CHSTER25 | CHUB36 | CHESL08,,Si,,,,,,,,,,,1
BIGLIA,"B1200, B301, B445, B446, B465, B470, B501 Y/S, B510, B545, B550, B565, B650, B658, B745, B765, BV210, BV315,",Adjustable angle,BGL333-1-00,BGL0460516,+/-90° ADJUSTABLE ANGLE DRIVEN TOOL,2015-10-26_590x855_10-10-32_bgl0460516.jpg,Ø16x17,1:01,6000,40,No,,Si,,CH_VTCROCE_M08 | CHUB36 | CHESL08,,Si,,,,,,,,,,,1
BIGLIA,"B1200, B301, B445, B446, B465, B470, B501 Y/S, B510, B545, B550, B565, B650, B658, B745, B765, BV210, BV315,",Adjustable angle,BGL333-1-00,BGL0460522,+/-90° ADJUSTABLE ANGLE DRIVEN TOOL,2015-10-26_590x855_11-10-08_bgl0460522.jpg,Ø22x19,1:01,6000,40,No,,Si,,CH_VTCROCE_M10 | CHUB36 | CHESL08,,,,,,,,,,,,,1
BIGLIA,"B1200, B301, B445, B446, B465, B470, B501 Y/S, B510, B545, B550, B565, B650, B658, B745, B765, BV210, BV315,",Adjustable angle,BGL333-1-00,BGL0460519,+/-90° ADJUSTABLE ANGLE DRIVEN TOOL,2015-10-26_590x855_11-10-26_bgl0460519.jpg,"Ø3/4""x3/4""",1:01,6000,40,No,,Si,,CH_VTCROCE_M08 | CHUB36 | CHESL08,,Si,,,,,,,,,,,
